dataset,method,sample_id,split,label,target,score_value
turning,one_class_svm_image_features,2inchStickout_F_08-Jun-2017_rpm1030_doc0p001_window_0001,validation,chatter,1,1.507437501886433
turning,one_class_svm_image_features,2inchStickout_F_08-Jun-2017_rpm1030_doc0p001_window_0002,validation,chatter,1,1.507437501886433
turning,one_class_svm_image_features,2inchStickout_F_08-Jun-2017_rpm1030_doc0p001_window_0003,validation,chatter,1,1.507437501886433
turning,one_class_svm_image_features,2inchStickout_F_08-Jun-2017_rpm320_doc0p005_window_0005,validation,no_chatter,0,0.9111391832103531
turning,one_class_svm_image_features,2inchStickout_F_08-Jun-2017_rpm320_doc0p005_window_0006,validation,chatter,1,1.2220136475326167
turning,one_class_svm_image_features,2inchStickout_F_08-Jun-2017_rpm320_doc0p005_window_0007,validation,chatter,1,0.7046397728558659
turning,one_class_svm_image_features,2inchStickout_F_08-Jun-2017_rpm320_doc0p005_window_0008,validation,chatter,1,1.3220388410928334
turning,one_class_svm_image_features,2inchStickout_F_08-Jun-2017_rpm320_doc0p005_window_0009,validation,chatter,1,0.5550246706678419
turning,one_class_svm_image_features,2inchStickout_F_08-Jun-2017_rpm320_doc0p005_window_0010,validation,chatter,1,0.2733111090585876
turning,one_class_svm_image_features,2inchStickout_F_08-Jun-2017_rpm320_doc0p005_window_0011,validation,chatter,1,0.2263308130978794
turning,one_class_svm_image_features,2inchStickout_F_08-Jun-2017_rpm320_doc0p010_window_0005,validation,no_chatter,0,-0.24813411983752354
turning,one_class_svm_image_features,2inchStickout_F_08-Jun-2017_rpm320_doc0p010_window_0006,validation,no_chatter,0,-0.2975564663829928
turning,one_class_svm_image_features,2inchStickout_F_08-Jun-2017_rpm320_doc0p010_window_0008,validation,no_chatter,0,-0.43465424566532795
turning,one_class_svm_image_features,2inchStickout_F_08-Jun-2017_rpm320_doc0p010_window_0011,validation,no_chatter,0,0.07742820417649421
turning,one_class_svm_image_features,2inchStickout_F_08-Jun-2017_rpm320_doc0p010_window_0013,validation,no_chatter,0,-0.08389216037181613
turning,one_class_svm_image_features,2inchStickout_F_08-Jun-2017_rpm320_doc0p015_window_0001,validation,no_chatter,0,-0.06427918615804962
turning,one_class_svm_image_features,2inchStickout_F_08-Jun-2017_rpm320_doc0p015_window_0003,validation,no_chatter,0,-0.10732239432062451
turning,one_class_svm_image_features,2inchStickout_F_08-Jun-2017_rpm320_doc0p015_window_0013,validation,no_chatter,0,-0.3894401094769855
turning,one_class_svm_image_features,2inchStickout_F_08-Jun-2017_rpm320_doc0p015_window_0014,validation,no_chatter,0,-0.4582694959947413
turning,one_class_svm_image_features,2inchStickout_F_08-Jun-2017_rpm320_doc0p020_window_0000,validation,no_chatter,0,-0.05680695647898437
turning,one_class_svm_image_features,2inchStickout_F_08-Jun-2017_rpm320_doc0p020_window_0003,validation,no_chatter,0,-0.07786472398076105
turning,one_class_svm_image_features,2inchStickout_F_08-Jun-2017_rpm320_doc0p020_window_0004,validation,no_chatter,0,-0.2018855763401053
turning,one_class_svm_image_features,2inchStickout_F_08-Jun-2017_rpm320_doc0p020_window_0006,validation,no_chatter,0,-0.26051583679087265
turning,one_class_svm_image_features,2inchStickout_F_08-Jun-2017_rpm320_doc0p020_window_0013,validation,no_chatter,0,-0.25167013088221935
turning,one_class_svm_image_features,2inchStickout_F_08-Jun-2017_rpm320_doc0p020_window_0014,validation,no_chatter,0,-0.23350939028030226
turning,one_class_svm_image_features,2inchStickout_F_08-Jun-2017_rpm320_doc0p020_window_0022,validation,no_chatter,0,-0.23993542096952125
turning,one_class_svm_image_features,2inchStickout_F_08-Jun-2017_rpm320_doc0p025_window_0003,validation,no_chatter,0,-0.1519543878471048
turning,one_class_svm_image_features,2inchStickout_F_08-Jun-2017_rpm320_doc0p025_window_0004,validation,no_chatter,0,-0.2768750926488661
turning,one_class_svm_image_features,2inchStickout_F_08-Jun-2017_rpm320_doc0p025_window_0008,validation,no_chatter,0,-0.3437372711741946
turning,one_class_svm_image_features,2inchStickout_F_08-Jun-2017_rpm320_doc0p025_window_0012,validation,no_chatter,0,-0.3102875656646955
turning,one_class_svm_image_features,2inchStickout_F_08-Jun-2017_rpm320_doc0p025_window_0013,validation,no_chatter,0,-0.17555094520798442
turning,one_class_svm_image_features,2inchStickout_F_08-Jun-2017_rpm320_doc0p025_window_0017,validation,no_chatter,0,-0.33302419107516923
turning,one_class_svm_image_features,2inchStickout_F_08-Jun-2017_rpm320_doc0p025_window_0021,validation,no_chatter,0,-0.4331017534607189
turning,one_class_svm_image_features,2inchStickout_F_08-Jun-2017_rpm320_doc0p025_window_0023,validation,no_chatter,0,-0.36614022718958283
turning,one_class_svm_image_features,2inchStickout_F_08-Jun-2017_rpm320_doc0p030_window_0011,validation,no_chatter,0,-0.3873237751792198
turning,one_class_svm_image_features,2inchStickout_F_08-Jun-2017_rpm320_doc0p030_window_0012,validation,no_chatter,0,-0.368151290620899
turning,one_class_svm_image_features,2inchStickout_F_08-Jun-2017_rpm320_doc0p030_window_0019,validation,no_chatter,0,-0.18287714495449903
turning,one_class_svm_image_features,2inchStickout_F_08-Jun-2017_rpm320_doc0p030_window_0020,validation,no_chatter,0,-0.15009021863500593
turning,one_class_svm_image_features,2inchStickout_F_08-Jun-2017_rpm320_doc0p035_window_0003,validation,no_chatter,0,-0.1187013319854342
turning,one_class_svm_image_features,2inchStickout_F_08-Jun-2017_rpm320_doc0p035_window_0020,validation,no_chatter,0,-0.46581291681275205
turning,one_class_svm_image_features,2inchStickout_F_08-Jun-2017_rpm320_doc0p035_window_0022,validation,no_chatter,0,-0.5566290063465547
turning,one_class_svm_image_features,2inchStickout_F_08-Jun-2017_rpm320_doc0p045_window_0009,validation,no_chatter,0,-0.2951421868672375
turning,one_class_svm_image_features,2inchStickout_F_08-Jun-2017_rpm320_doc0p045_window_0015,validation,no_chatter,0,-0.4603332952712027
turning,one_class_svm_image_features,2inchStickout_F_08-Jun-2017_rpm320_doc0p045_window_0016,validation,no_chatter,0,-0.44348776436483117
turning,one_class_svm_image_features,2inchStickout_F_08-Jun-2017_rpm320_doc0p045_window_0017,validation,no_chatter,0,-0.5206399495086218
turning,one_class_svm_image_features,2inchStickout_F_08-Jun-2017_rpm320_doc0p060_xAccDetached_window_0003,validation,no_chatter,0,-0.307440254853691
turning,one_class_svm_image_features,2inchStickout_F_08-Jun-2017_rpm425_doc0p010_window_0000,validation,no_chatter,0,-0.026029378966255123
turning,one_class_svm_image_features,2inchStickout_F_08-Jun-2017_rpm425_doc0p010_window_0005,validation,no_chatter,0,-0.45208707601778886
turning,one_class_svm_image_features,2inchStickout_F_08-Jun-2017_rpm425_doc0p015_window_0007,validation,no_chatter,0,-0.4210460607079949
turning,one_class_svm_image_features,2inchStickout_F_08-Jun-2017_rpm425_doc0p017_window_0002,validation,no_chatter,0,-0.43219463518813317
turning,one_class_svm_image_features,2inchStickout_F_08-Jun-2017_rpm425_doc0p017_window_0003,validation,no_chatter,0,-0.4702148081670652
turning,one_class_svm_image_features,2inchStickout_F_08-Jun-2017_rpm425_doc0p017_window_0004,validation,no_chatter,0,-0.2757910778704631
turning,one_class_svm_image_features,2inchStickout_F_08-Jun-2017_rpm425_doc0p017_window_0005,validation,no_chatter,0,-0.37129595075867194
turning,one_class_svm_image_features,2inchStickout_F_08-Jun-2017_rpm425_doc0p020_window_0006,validation,chatter,1,0.2504100473787465
turning,one_class_svm_image_features,2inchStickout_F_08-Jun-2017_rpm425_doc0p020_window_0007,validation,chatter,1,0.9463712604890644
turning,one_class_svm_image_features,2inchStickout_F_08-Jun-2017_rpm425_doc0p025_window_0004,validation,chatter,1,0.4618096900739437
turning,one_class_svm_image_features,2inchStickout_F_08-Jun-2017_rpm425_doc0p025_window_0005,validation,chatter,1,0.875090304824515
turning,one_class_svm_image_features,2inchStickout_F_08-Jun-2017_rpm425_doc0p025_window_0006,validation,chatter,1,0.9863287892105712
turning,one_class_svm_image_features,2inchStickout_F_08-Jun-2017_rpm425_doc0p025_window_0007,validation,chatter,1,0.5516509063910126
turning,one_class_svm_image_features,2inchStickout_F_08-Jun-2017_rpm570_doc0p001_window_0001,validation,no_chatter,0,0.04163895017844044
turning,one_class_svm_image_features,2inchStickout_F_08-Jun-2017_rpm570_doc0p001_window_0002,validation,chatter,1,-0.099169765635861
turning,one_class_svm_image_features,2inchStickout_F_08-Jun-2017_rpm570_doc0p001_window_0003,validation,chatter,1,0.3553169679255437
turning,one_class_svm_image_features,2inchStickout_F_08-Jun-2017_rpm570_doc0p001_window_0004,validation,chatter,1,0.5175926478787544
turning,one_class_svm_image_features,2inchStickout_F_08-Jun-2017_rpm570_doc0p001_window_0005,validation,chatter,1,0.7233415210610701
turning,one_class_svm_image_features,2inchStickout_F_08-Jun-2017_rpm770_doc0p002_window_0001,validation,chatter,1,1.196344632284571
turning,one_class_svm_image_features,2inchStickout_F_08-Jun-2017_rpm770_doc0p002_window_0002,validation,chatter,1,1.507437501886433
turning,one_class_svm_image_features,2inchStickout_F_08-Jun-2017_rpm770_doc0p002_window_0004,validation,chatter,1,-0.11780707695304793
turning,one_class_svm_image_features,2inchStickout_F_08-Jun-2017_rpm770_doc0p002_window_0007,validation,chatter,1,1.1787325078938924
turning,one_class_svm_image_features,2inchStickout_F_08-Jun-2017_rpm770_doc0p005_window_0000,validation,chatter,1,1.507437501886433
turning,one_class_svm_image_features,2inchStickout_F_08-Jun-2017_rpm770_doc0p005_window_0001,validation,chatter,1,1.507437501886433
turning,one_class_svm_image_features,2inchStickout_F_08-Jun-2017_rpm770_doc0p005_window_0002,validation,chatter,1,1.507437501886433
turning,one_class_svm_image_features,2inchStickout_F_08-Jun-2017_rpm770_doc0p005_window_0003,validation,chatter,1,1.507437501886433
turning,one_class_svm_image_features,2inchStickout_F_08-Jun-2017_rpm770_doc0p005_window_0004,validation,chatter,1,1.507437501886433
turning,one_class_svm_image_features,2inchStickout_F_08-Jun-2017_rpm770_doc0p005_window_0005,validation,chatter,1,1.507437501886433
turning,one_class_svm_image_features,2inchStickout_F_08-Jun-2017_rpm770_doc0p005_window_0006,validation,chatter,1,1.507437501886433
turning,one_class_svm_image_features,2inchStickout_F_08-Jun-2017_rpm770_doc0p005_window_0007,validation,chatter,1,1.507437501886433
turning,one_class_svm_image_features,2inchStickout_F_08-Jun-2017_rpm770_doc0p005_window_0008,validation,chatter,1,1.507437501886433
turning,one_class_svm_image_features,2inchStickout_F_08-Jun-2017_rpm770_doc0p005_window_0009,validation,chatter,1,1.507437501886433
turning,one_class_svm_image_features,2inchStickout_F_08-Jun-2017_rpm770_doc0p005_window_0010,validation,chatter,1,1.507437501886433
turning,one_class_svm_image_features,2p5inchStickout_F_12-Jun-2017_rpm570_doc0p008_window_0009,validation,no_chatter,0,-0.49469089753175166
turning,one_class_svm_image_features,2p5inchStickout_F_12-Jun-2017_rpm570_doc0p012_window_0006,validation,no_chatter,0,-0.487455293256543
turning,one_class_svm_image_features,2p5inchStickout_F_12-Jun-2017_rpm570_doc0p012_window_0008,validation,no_chatter,0,-0.454439939262095
turning,one_class_svm_image_features,2p5inchStickout_F_12-Jun-2017_rpm570_doc0p012_window_0009,validation,no_chatter,0,-0.5324677266258424
turning,one_class_svm_image_features,2p5inchStickout_F_12-Jun-2017_rpm570_doc0p014_window_0003,validation,no_chatter,0,-0.3491487135964073
turning,one_class_svm_image_features,2p5inchStickout_F_12-Jun-2017_rpm570_doc0p014_window_0004,validation,no_chatter,0,-0.41174697475760125
turning,one_class_svm_image_features,2p5inchStickout_F_12-Jun-2017_rpm570_doc0p014_window_0005,validation,no_chatter,0,-0.40553280250839796
turning,one_class_svm_image_features,2p5inchStickout_F_12-Jun-2017_rpm570_doc0p015_window_0000,validation,no_chatter,0,-0.07094419299161392
turning,one_class_svm_image_features,3p5inchStickout_F_12-Jun-2017_rpm570_doc0p025_window_0000,validation,no_chatter,0,-0.027974198012263418
turning,one_class_svm_image_features,3p5inchStickout_F_12-Jun-2017_rpm570_doc0p025_window_0003,validation,no_chatter,0,-0.246950868380162
turning,one_class_svm_image_features,3p5inchStickout_F_14-Jun-2017_rpm770_doc0p005_window_0000,validation,no_chatter,0,-0.06981398565287322
turning,one_class_svm_image_features,3p5inchStickout_F_14-Jun-2017_rpm770_doc0p015_window_0000,validation,no_chatter,0,-0.07012426375430847
turning,one_class_svm_image_features,3p5inchStickout_F_14-Jun-2017_rpm770_doc0p015_window_0003,validation,no_chatter,0,0.30381992726292517
turning,one_class_svm_image_features,4p5inchStickout_F_12-Jun-2017_rpm570_doc0p005_window_0000,validation,no_chatter,0,0.0016233258738478362
turning,one_class_svm_image_features,4p5inchStickout_F_12-Jun-2017_rpm570_doc0p005_window_0002,validation,no_chatter,0,-0.0003595456184990464
turning,one_class_svm_image_features,4p5inchStickout_F_12-Jun-2017_rpm570_doc0p005_window_0005,validation,no_chatter,0,0.019297882406236644
turning,one_class_svm_image_features,4p5inchStickout_F_12-Jun-2017_rpm570_doc0p035_window_0000,validation,no_chatter,0,-0.22177159787482403
turning,one_class_svm_image_features,4p5inchStickout_F_12-Jun-2017_rpm570_doc0p035_window_0001,validation,no_chatter,0,-0.15726871358561212
turning,one_class_svm_image_features,4p5inchStickout_F_12-Jun-2017_rpm570_doc0p035_window_0010,validation,no_chatter,0,-0.03496533076559105
turning,one_class_svm_image_features,4p5inchStickout_F_13-Jun-2017_rpm1030_doc0p014_window_0002,validation,no_chatter,0,-0.03470435890835377
turning,one_class_svm_image_features,4p5inchStickout_F_13-Jun-2017_rpm1030_doc0p015_window_0003,validation,no_chatter,0,0.2359021769647085
turning,one_class_svm_image_features,4p5inchStickout_F_13-Jun-2017_rpm770_doc0p015_window_0001,validation,no_chatter,0,0.030449398606014144
turning,one_class_svm_image_features,4p5inchStickout_F_13-Jun-2017_rpm770_doc0p015_window_0002,validation,no_chatter,0,-0.2362104110826342
turning,one_class_svm_image_features,4p5inchStickout_F_13-Jun-2017_rpm770_doc0p015_window_0004,validation,no_chatter,0,-0.16096571581203478
turning,one_class_svm_image_features,4p5inchStickout_F_13-Jun-2017_rpm770_doc0p015_window_0005,validation,no_chatter,0,-0.1676490286400527
turning,one_class_svm_image_features,2inchStickout_F_08-Jun-2017_rpm320_doc0p040_window_0000,test,no_chatter,0,-0.05734214114498948
turning,one_class_svm_image_features,2inchStickout_F_08-Jun-2017_rpm320_doc0p040_window_0003,test,no_chatter,0,-0.018258775697680196
turning,one_class_svm_image_features,2inchStickout_F_08-Jun-2017_rpm320_doc0p040_window_0004,test,no_chatter,0,-0.27812327399245507
turning,one_class_svm_image_features,2inchStickout_F_08-Jun-2017_rpm320_doc0p040_window_0012,test,no_chatter,0,-0.5860013248702509
turning,one_class_svm_image_features,2inchStickout_F_08-Jun-2017_rpm320_doc0p040_window_0022,test,no_chatter,0,-0.3754174628839524
turning,one_class_svm_image_features,2inchStickout_F_08-Jun-2017_rpm320_doc0p050_window_0003,test,no_chatter,0,-0.014416866854713328
turning,one_class_svm_image_features,2inchStickout_F_08-Jun-2017_rpm320_doc0p050_window_0008,test,no_chatter,0,-0.3980313306426182
turning,one_class_svm_image_features,2inchStickout_F_08-Jun-2017_rpm320_doc0p050_window_0009,test,no_chatter,0,-0.40929135856241317
turning,one_class_svm_image_features,2inchStickout_F_08-Jun-2017_rpm320_doc0p050_window_0012,test,no_chatter,0,-0.40633068122390537
turning,one_class_svm_image_features,2inchStickout_F_08-Jun-2017_rpm320_doc0p050_window_0013,test,no_chatter,0,-0.47860649679366585
turning,one_class_svm_image_features,2inchStickout_F_08-Jun-2017_rpm320_doc0p050_window_0014,test,no_chatter,0,-0.5044601845386156
turning,one_class_svm_image_features,2inchStickout_F_08-Jun-2017_rpm320_doc0p050_window_0017,test,no_chatter,0,-0.43670524105488284
turning,one_class_svm_image_features,2inchStickout_F_08-Jun-2017_rpm320_doc0p050_window_0022,test,no_chatter,0,-0.45463652179243175
turning,one_class_svm_image_features,2inchStickout_F_08-Jun-2017_rpm320_doc0p050_window_0023,test,no_chatter,0,-0.5745011026050844
turning,one_class_svm_image_features,2inchStickout_F_08-Jun-2017_rpm425_doc0p005_window_0003,test,no_chatter,0,-0.3758128063290598
turning,one_class_svm_image_features,2inchStickout_F_08-Jun-2017_rpm425_doc0p005_window_0005,test,no_chatter,0,-0.35539765029123505
turning,one_class_svm_image_features,2inchStickout_F_08-Jun-2017_rpm425_doc0p020_window_0002,test,no_chatter,0,-0.339793567167169
turning,one_class_svm_image_features,2inchStickout_F_08-Jun-2017_rpm425_doc0p020_window_0005,test,no_chatter,0,0.1651853548136517
turning,one_class_svm_image_features,2inchStickout_F_08-Jun-2017_rpm425_doc0p025_window_0002,test,no_chatter,0,-0.2717103285706117
turning,one_class_svm_image_features,2inchStickout_F_08-Jun-2017_rpm570_doc0p002_window_0002,test,chatter,1,0.4111489966081072
turning,one_class_svm_image_features,2inchStickout_F_08-Jun-2017_rpm570_doc0p002_window_0003,test,chatter,1,1.1073940319175124
turning,one_class_svm_image_features,2inchStickout_F_08-Jun-2017_rpm570_doc0p005_window_0001,test,no_chatter,0,-0.21403705498481407
turning,one_class_svm_image_features,2inchStickout_F_08-Jun-2017_rpm570_doc0p005_window_0002,test,chatter,1,0.15707766780726717
turning,one_class_svm_image_features,2inchStickout_F_08-Jun-2017_rpm570_doc0p010_window_0000,test,no_chatter,0,-0.023636078623668455
turning,one_class_svm_image_features,2inchStickout_F_08-Jun-2017_rpm570_doc0p010_window_0001,test,no_chatter,0,-0.1810215280182348
turning,one_class_svm_image_features,2inchStickout_F_08-Jun-2017_rpm570_doc0p010_window_0002,test,chatter,1,0.5064525206895925
turning,one_class_svm_image_features,2inchStickout_F_08-Jun-2017_rpm570_doc0p010_window_0003,test,chatter,1,0.25666699311518437
turning,one_class_svm_image_features,2inchStickout_F_08-Jun-2017_rpm570_doc0p010_window_0004,test,chatter,1,1.3918982808293223
turning,one_class_svm_image_features,2inchStickout_F_08-Jun-2017_rpm570_doc0p010_window_0005,test,chatter,1,1.503871732892511
turning,one_class_svm_image_features,2inchStickout_F_08-Jun-2017_rpm770_doc0p001_window_0000,test,no_chatter,0,-0.01976371260853038
turning,one_class_svm_image_features,2inchStickout_F_08-Jun-2017_rpm770_doc0p001_window_0006,test,chatter,1,0.8066315050879537
turning,one_class_svm_image_features,2inchStickout_F_08-Jun-2017_rpm770_doc0p001_window_0007,test,chatter,1,1.5045972682885234
turning,one_class_svm_image_features,2inchStickout_F_08-Jun-2017_rpm770_doc0p010_window_0001,test,chatter,1,1.507437501886433
turning,one_class_svm_image_features,2inchStickout_F_08-Jun-2017_rpm770_doc0p010_window_0002,test,chatter,1,1.507437501886433
turning,one_class_svm_image_features,2inchStickout_F_08-Jun-2017_rpm770_doc0p010_window_0003,test,chatter,1,1.507437501886433
turning,one_class_svm_image_features,2inchStickout_F_08-Jun-2017_rpm770_doc0p010_window_0004,test,chatter,1,1.507437501886433
turning,one_class_svm_image_features,2inchStickout_F_08-Jun-2017_rpm770_doc0p010_window_0005,test,chatter,1,1.507437501886433
turning,one_class_svm_image_features,2inchStickout_F_08-Jun-2017_rpm770_doc0p010_window_0006,test,chatter,1,1.507437501886433
turning,one_class_svm_image_features,2inchStickout_F_08-Jun-2017_rpm770_doc0p010_window_0007,test,chatter,1,1.507437501886433
turning,one_class_svm_image_features,2inchStickout_F_08-Jun-2017_rpm770_doc0p010_window_0008,test,chatter,1,1.507437501886433
turning,one_class_svm_image_features,2inchStickout_F_08-Jun-2017_rpm770_doc0p010_window_0009,test,chatter,1,1.507437501886433
turning,one_class_svm_image_features,2inchStickout_F_08-Jun-2017_rpm770_doc0p010_window_0010,test,chatter,1,1.507437501886433
turning,one_class_svm_image_features,2inchStickout_F_08-Jun-2017_rpm770_doc0p010_window_0011,test,chatter,1,1.507437501886433
turning,one_class_svm_image_features,2inchStickout_F_08-Jun-2017_rpm770_doc0p010_window_0012,test,chatter,1,1.507437501886433
turning,one_class_svm_image_features,2inchStickout_F_08-Jun-2017_rpm770_doc0p010_window_0013,test,chatter,1,1.507437501886433
turning,one_class_svm_image_features,2inchStickout_F_08-Jun-2017_smoothingCut2_noChatter_window_0001,test,no_chatter,0,0.04124829703198296
turning,one_class_svm_image_features,2inchStickout_F_08-Jun-2017_smoothingCut2_noChatter_window_0007,test,no_chatter,0,-0.2931903881073794
turning,one_class_svm_image_features,2inchStickout_F_08-Jun-2017_smoothingCut2_noChatter_window_0010,test,no_chatter,0,-0.3586339067251274
turning,one_class_svm_image_features,2p5inchStickout_F_12-Jun-2017_rpm570_doc0p003_window_0001,test,no_chatter,0,-0.14799302074277065
turning,one_class_svm_image_features,2p5inchStickout_F_12-Jun-2017_rpm570_doc0p005_window_0000,test,no_chatter,0,-0.07691928160264694
turning,one_class_svm_image_features,2p5inchStickout_F_12-Jun-2017_rpm570_doc0p005_window_0004,test,no_chatter,0,-0.3121620677015162
turning,one_class_svm_image_features,2p5inchStickout_F_12-Jun-2017_rpm570_doc0p005_window_0008,test,no_chatter,0,0.1475209485687654
turning,one_class_svm_image_features,2p5inchStickout_F_12-Jun-2017_rpm570_doc0p010_window_0003,test,no_chatter,0,-0.4052639977442267
turning,one_class_svm_image_features,2p5inchStickout_F_12-Jun-2017_rpm570_doc0p010_window_0006,test,no_chatter,0,-0.26996026461584144
turning,one_class_svm_image_features,2p5inchStickout_F_12-Jun-2017_rpm570_doc0p010_window_0009,test,no_chatter,0,-0.4407791555827787
turning,one_class_svm_image_features,2p5inchStickout_F_12-Jun-2017_rpm570_doc0p012_window_0002,test,chatter,1,0.15830123471178292
turning,one_class_svm_image_features,2p5inchStickout_F_12-Jun-2017_rpm570_doc0p015_trial2_window_0002,test,chatter,1,0.8564735391672547
turning,one_class_svm_image_features,2p5inchStickout_F_12-Jun-2017_rpm570_doc0p015_trial2_window_0003,test,chatter,1,1.3307940347637304
turning,one_class_svm_image_features,2p5inchStickout_F_12-Jun-2017_rpm570_doc0p015_trial2_window_0004,test,chatter,1,1.2224618263561906
turning,one_class_svm_image_features,2p5inchStickout_F_12-Jun-2017_rpm570_doc0p015_trial2_window_0005,test,chatter,1,0.9487551733399686
turning,one_class_svm_image_features,3inchStickout_F_12-Jun-2017_rpm570_doc0p015_window_0001,test,no_chatter,0,-0.0852695214048611
turning,one_class_svm_image_features,3p5inchStickout_F_12-Jun-2017_rpm570_doc0p030_window_0001,test,no_chatter,0,-0.032747830053452276
turning,one_class_svm_image_features,3p5inchStickout_F_12-Jun-2017_rpm570_doc0p030_window_0009,test,no_chatter,0,-0.033633404430490677
turning,one_class_svm_image_features,3p5inchStickout_F_14-Jun-2017_rpm770_doc0p008_window_0003,test,no_chatter,0,-0.27018995208967556
turning,one_class_svm_image_features,4p5inchStickout_F_12-Jun-2017_rpm570_doc0p010_window_0002,test,no_chatter,0,-0.003106825996122442
turning,one_class_svm_image_features,4p5inchStickout_F_12-Jun-2017_rpm570_doc0p025_window_0006,test,no_chatter,0,-0.1965964549499979
turning,one_class_svm_image_features,4p5inchStickout_F_13-Jun-2017_rpm1030_doc0p005_window_0001,test,no_chatter,0,-0.013801686110975986
turning,one_class_svm_image_features,4p5inchStickout_F_13-Jun-2017_rpm1030_doc0p005_window_0002,test,no_chatter,0,-0.10349904933142184
turning,one_class_svm_image_features,4p5inchStickout_F_13-Jun-2017_rpm1030_doc0p010_window_0001,test,no_chatter,0,0.008990440264473154
turning,one_class_svm_image_features,4p5inchStickout_F_13-Jun-2017_rpm1030_doc0p012_window_0002,test,no_chatter,0,-0.16541697851822756
turning,one_class_svm_image_features,4p5inchStickout_F_13-Jun-2017_rpm1030_doc0p013_window_0000,test,no_chatter,0,-0.015801031636206275
turning,one_class_svm_image_features,4p5inchStickout_F_13-Jun-2017_rpm1030_doc0p013_window_0002,test,no_chatter,0,-0.09455202259481821
turning,one_class_svm_image_features,4p5inchStickout_F_13-Jun-2017_rpm1030_doc0p016_window_0000,test,no_chatter,0,-0.03787211988150152
turning,one_class_svm_image_features,4p5inchStickout_F_13-Jun-2017_rpm770_doc0p010_window_0003,test,no_chatter,0,-0.17166509630347004
turning,one_class_svm_image_features,4p5inchStickout_F_13-Jun-2017_rpm770_doc0p020_window_0002,test,no_chatter,0,-0.21398866188789145
turning,isolation_forest_image_features,2inchStickout_F_08-Jun-2017_rpm1030_doc0p001_window_0001,validation,chatter,1,0.2780118505178505
turning,isolation_forest_image_features,2inchStickout_F_08-Jun-2017_rpm1030_doc0p001_window_0002,validation,chatter,1,0.27620989599628054
turning,isolation_forest_image_features,2inchStickout_F_08-Jun-2017_rpm1030_doc0p001_window_0003,validation,chatter,1,0.2822344052679904
turning,isolation_forest_image_features,2inchStickout_F_08-Jun-2017_rpm320_doc0p005_window_0005,validation,no_chatter,0,0.07284517107992072
turning,isolation_forest_image_features,2inchStickout_F_08-Jun-2017_rpm320_doc0p005_window_0006,validation,chatter,1,0.11313240464265883
turning,isolation_forest_image_features,2inchStickout_F_08-Jun-2017_rpm320_doc0p005_window_0007,validation,chatter,1,0.1242920314666569
turning,isolation_forest_image_features,2inchStickout_F_08-Jun-2017_rpm320_doc0p005_window_0008,validation,chatter,1,0.13007884631376398
turning,isolation_forest_image_features,2inchStickout_F_08-Jun-2017_rpm320_doc0p005_window_0009,validation,chatter,1,0.07870184901380106
turning,isolation_forest_image_features,2inchStickout_F_08-Jun-2017_rpm320_doc0p005_window_0010,validation,chatter,1,0.05106180112597869
turning,isolation_forest_image_features,2inchStickout_F_08-Jun-2017_rpm320_doc0p005_window_0011,validation,chatter,1,0.045325628913368665
turning,isolation_forest_image_features,2inchStickout_F_08-Jun-2017_rpm320_doc0p010_window_0005,validation,no_chatter,0,-0.11353512196338855
turning,isolation_forest_image_features,2inchStickout_F_08-Jun-2017_rpm320_doc0p010_window_0006,validation,no_chatter,0,-0.11974988137580783
turning,isolation_forest_image_features,2inchStickout_F_08-Jun-2017_rpm320_doc0p010_window_0008,validation,no_chatter,0,-0.09717619892195029
turning,isolation_forest_image_features,2inchStickout_F_08-Jun-2017_rpm320_doc0p010_window_0011,validation,no_chatter,0,0.02619055069217957
turning,isolation_forest_image_features,2inchStickout_F_08-Jun-2017_rpm320_doc0p010_window_0013,validation,no_chatter,0,-0.010949844487745997
turning,isolation_forest_image_features,2inchStickout_F_08-Jun-2017_rpm320_doc0p015_window_0001,validation,no_chatter,0,-0.12199916703784675
turning,isolation_forest_image_features,2inchStickout_F_08-Jun-2017_rpm320_doc0p015_window_0003,validation,no_chatter,0,-0.09367111891943036
turning,isolation_forest_image_features,2inchStickout_F_08-Jun-2017_rpm320_doc0p015_window_0013,validation,no_chatter,0,-0.12346833329142914
turning,isolation_forest_image_features,2inchStickout_F_08-Jun-2017_rpm320_doc0p015_window_0014,validation,no_chatter,0,-0.12386688746867969
turning,isolation_forest_image_features,2inchStickout_F_08-Jun-2017_rpm320_doc0p020_window_0000,validation,no_chatter,0,-0.1240238667360335
turning,isolation_forest_image_features,2inchStickout_F_08-Jun-2017_rpm320_doc0p020_window_0003,validation,no_chatter,0,-0.12140738143010094
turning,isolation_forest_image_features,2inchStickout_F_08-Jun-2017_rpm320_doc0p020_window_0004,validation,no_chatter,0,-0.09944304126181602
turning,isolation_forest_image_features,2inchStickout_F_08-Jun-2017_rpm320_doc0p020_window_0006,validation,no_chatter,0,-0.10644309625579035
turning,isolation_forest_image_features,2inchStickout_F_08-Jun-2017_rpm320_doc0p020_window_0013,validation,no_chatter,0,-0.10575241320898893
turning,isolation_forest_image_features,2inchStickout_F_08-Jun-2017_rpm320_doc0p020_window_0014,validation,no_chatter,0,-0.10331508078428364
turning,isolation_forest_image_features,2inchStickout_F_08-Jun-2017_rpm320_doc0p020_window_0022,validation,no_chatter,0,-0.10670816621570262
turning,isolation_forest_image_features,2inchStickout_F_08-Jun-2017_rpm320_doc0p025_window_0003,validation,no_chatter,0,-0.09510791926158502
turning,isolation_forest_image_features,2inchStickout_F_08-Jun-2017_rpm320_doc0p025_window_0004,validation,no_chatter,0,-0.12188019370262132
turning,isolation_forest_image_features,2inchStickout_F_08-Jun-2017_rpm320_doc0p025_window_0008,validation,no_chatter,0,-0.1277301178964611
turning,isolation_forest_image_features,2inchStickout_F_08-Jun-2017_rpm320_doc0p025_window_0012,validation,no_chatter,0,-0.09603886906808717
turning,isolation_forest_image_features,2inchStickout_F_08-Jun-2017_rpm320_doc0p025_window_0013,validation,no_chatter,0,-0.07468075648360567
turning,isolation_forest_image_features,2inchStickout_F_08-Jun-2017_rpm320_doc0p025_window_0017,validation,no_chatter,0,-0.09153685290145319
turning,isolation_forest_image_features,2inchStickout_F_08-Jun-2017_rpm320_doc0p025_window_0021,validation,no_chatter,0,-0.09974723640368938
turning,isolation_forest_image_features,2inchStickout_F_08-Jun-2017_rpm320_doc0p025_window_0023,validation,no_chatter,0,-0.10181939090806535
turning,isolation_forest_image_features,2inchStickout_F_08-Jun-2017_rpm320_doc0p030_window_0011,validation,no_chatter,0,-0.11044449136414569
turning,isolation_forest_image_features,2inchStickout_F_08-Jun-2017_rpm320_doc0p030_window_0012,validation,no_chatter,0,-0.12636996735892342
turning,isolation_forest_image_features,2inchStickout_F_08-Jun-2017_rpm320_doc0p030_window_0019,validation,no_chatter,0,-0.07596819709928909
turning,isolation_forest_image_features,2inchStickout_F_08-Jun-2017_rpm320_doc0p030_window_0020,validation,no_chatter,0,-0.057093578065653905
turning,isolation_forest_image_features,2inchStickout_F_08-Jun-2017_rpm320_doc0p035_window_0003,validation,no_chatter,0,-0.11334829922475703
turning,isolation_forest_image_features,2inchStickout_F_08-Jun-2017_rpm320_doc0p035_window_0020,validation,no_chatter,0,-0.11405335614020817
turning,isolation_forest_image_features,2inchStickout_F_08-Jun-2017_rpm320_doc0p035_window_0022,validation,no_chatter,0,-0.11175753511437714
turning,isolation_forest_image_features,2inchStickout_F_08-Jun-2017_rpm320_doc0p045_window_0009,validation,no_chatter,0,-0.11063717669660295
turning,isolation_forest_image_features,2inchStickout_F_08-Jun-2017_rpm320_doc0p045_window_0015,validation,no_chatter,0,-0.1220218811992384
turning,isolation_forest_image_features,2inchStickout_F_08-Jun-2017_rpm320_doc0p045_window_0016,validation,no_chatter,0,-0.11065501818601875
turning,isolation_forest_image_features,2inchStickout_F_08-Jun-2017_rpm320_doc0p045_window_0017,validation,no_chatter,0,-0.1138733695628355
turning,isolation_forest_image_features,2inchStickout_F_08-Jun-2017_rpm320_doc0p060_xAccDetached_window_0003,validation,no_chatter,0,-0.11033546547024242
turning,isolation_forest_image_features,2inchStickout_F_08-Jun-2017_rpm425_doc0p010_window_0000,validation,no_chatter,0,-0.12421995776818356
turning,isolation_forest_image_features,2inchStickout_F_08-Jun-2017_rpm425_doc0p010_window_0005,validation,no_chatter,0,-0.08295696569756089
turning,isolation_forest_image_features,2inchStickout_F_08-Jun-2017_rpm425_doc0p015_window_0007,validation,no_chatter,0,-0.08654445968161667
turning,isolation_forest_image_features,2inchStickout_F_08-Jun-2017_rpm425_doc0p017_window_0002,validation,no_chatter,0,-0.12242980105584444
turning,isolation_forest_image_features,2inchStickout_F_08-Jun-2017_rpm425_doc0p017_window_0003,validation,no_chatter,0,-0.09376630410155606
turning,isolation_forest_image_features,2inchStickout_F_08-Jun-2017_rpm425_doc0p017_window_0004,validation,no_chatter,0,0.004050241373626529
turning,isolation_forest_image_features,2inchStickout_F_08-Jun-2017_rpm425_doc0p017_window_0005,validation,no_chatter,0,-0.039228196058459064
turning,isolation_forest_image_features,2inchStickout_F_08-Jun-2017_rpm425_doc0p020_window_0006,validation,chatter,1,0.09822748624880406
turning,isolation_forest_image_features,2inchStickout_F_08-Jun-2017_rpm425_doc0p020_window_0007,validation,chatter,1,0.1000107326955918
turning,isolation_forest_image_features,2inchStickout_F_08-Jun-2017_rpm425_doc0p025_window_0004,validation,chatter,1,0.13619390616402016
turning,isolation_forest_image_features,2inchStickout_F_08-Jun-2017_rpm425_doc0p025_window_0005,validation,chatter,1,0.15243255946231093
turning,isolation_forest_image_features,2inchStickout_F_08-Jun-2017_rpm425_doc0p025_window_0006,validation,chatter,1,0.15291168121977605
turning,isolation_forest_image_features,2inchStickout_F_08-Jun-2017_rpm425_doc0p025_window_0007,validation,chatter,1,0.12878522639962786
turning,isolation_forest_image_features,2inchStickout_F_08-Jun-2017_rpm570_doc0p001_window_0001,validation,no_chatter,0,-0.032629836349832075
turning,isolation_forest_image_features,2inchStickout_F_08-Jun-2017_rpm570_doc0p001_window_0002,validation,chatter,1,0.07925139391654856
turning,isolation_forest_image_features,2inchStickout_F_08-Jun-2017_rpm570_doc0p001_window_0003,validation,chatter,1,0.16301956096905046
turning,isolation_forest_image_features,2inchStickout_F_08-Jun-2017_rpm570_doc0p001_window_0004,validation,chatter,1,0.18647051818939986
turning,isolation_forest_image_features,2inchStickout_F_08-Jun-2017_rpm570_doc0p001_window_0005,validation,chatter,1,0.19159467621460058
turning,isolation_forest_image_features,2inchStickout_F_08-Jun-2017_rpm770_doc0p002_window_0001,validation,chatter,1,0.1428348202326315
turning,isolation_forest_image_features,2inchStickout_F_08-Jun-2017_rpm770_doc0p002_window_0002,validation,chatter,1,0.23822218811158558
turning,isolation_forest_image_features,2inchStickout_F_08-Jun-2017_rpm770_doc0p002_window_0004,validation,chatter,1,0.05750237594101015
turning,isolation_forest_image_features,2inchStickout_F_08-Jun-2017_rpm770_doc0p002_window_0007,validation,chatter,1,0.19427587491314346
turning,isolation_forest_image_features,2inchStickout_F_08-Jun-2017_rpm770_doc0p005_window_0000,validation,chatter,1,0.2089562925549654
turning,isolation_forest_image_features,2inchStickout_F_08-Jun-2017_rpm770_doc0p005_window_0001,validation,chatter,1,0.2704544369931142
turning,isolation_forest_image_features,2inchStickout_F_08-Jun-2017_rpm770_doc0p005_window_0002,validation,chatter,1,0.2832936199440851
turning,isolation_forest_image_features,2inchStickout_F_08-Jun-2017_rpm770_doc0p005_window_0003,validation,chatter,1,0.27306524523832953
turning,isolation_forest_image_features,2inchStickout_F_08-Jun-2017_rpm770_doc0p005_window_0004,validation,chatter,1,0.2759091284631018
turning,isolation_forest_image_features,2inchStickout_F_08-Jun-2017_rpm770_doc0p005_window_0005,validation,chatter,1,0.282763833443506
turning,isolation_forest_image_features,2inchStickout_F_08-Jun-2017_rpm770_doc0p005_window_0006,validation,chatter,1,0.27485989952103196
turning,isolation_forest_image_features,2inchStickout_F_08-Jun-2017_rpm770_doc0p005_window_0007,validation,chatter,1,0.2811766229228906
turning,isolation_forest_image_features,2inchStickout_F_08-Jun-2017_rpm770_doc0p005_window_0008,validation,chatter,1,0.2751602603390567
turning,isolation_forest_image_features,2inchStickout_F_08-Jun-2017_rpm770_doc0p005_window_0009,validation,chatter,1,0.27620989599628054
turning,isolation_forest_image_features,2inchStickout_F_08-Jun-2017_rpm770_doc0p005_window_0010,validation,chatter,1,0.23340009804994877
turning,isolation_forest_image_features,2p5inchStickout_F_12-Jun-2017_rpm570_doc0p008_window_0009,validation,no_chatter,0,-0.0794007632471358
turning,isolation_forest_image_features,2p5inchStickout_F_12-Jun-2017_rpm570_doc0p012_window_0006,validation,no_chatter,0,-0.07395280685581013
turning,isolation_forest_image_features,2p5inchStickout_F_12-Jun-2017_rpm570_doc0p012_window_0008,validation,no_chatter,0,-0.06198155858700177
turning,isolation_forest_image_features,2p5inchStickout_F_12-Jun-2017_rpm570_doc0p012_window_0009,validation,no_chatter,0,-0.06896872683234384
turning,isolation_forest_image_features,2p5inchStickout_F_12-Jun-2017_rpm570_doc0p014_window_0003,validation,no_chatter,0,-0.04632157752988142
turning,isolation_forest_image_features,2p5inchStickout_F_12-Jun-2017_rpm570_doc0p014_window_0004,validation,no_chatter,0,-0.059658560157503426
turning,isolation_forest_image_features,2p5inchStickout_F_12-Jun-2017_rpm570_doc0p014_window_0005,validation,no_chatter,0,-0.06729326659170748
turning,isolation_forest_image_features,2p5inchStickout_F_12-Jun-2017_rpm570_doc0p015_window_0000,validation,no_chatter,0,-0.11871166931948701
turning,isolation_forest_image_features,3p5inchStickout_F_12-Jun-2017_rpm570_doc0p025_window_0000,validation,no_chatter,0,-0.07422925165746264
turning,isolation_forest_image_features,3p5inchStickout_F_12-Jun-2017_rpm570_doc0p025_window_0003,validation,no_chatter,0,-0.06325056965359521
turning,isolation_forest_image_features,3p5inchStickout_F_14-Jun-2017_rpm770_doc0p005_window_0000,validation,no_chatter,0,-0.06010320916699641
turning,isolation_forest_image_features,3p5inchStickout_F_14-Jun-2017_rpm770_doc0p015_window_0000,validation,no_chatter,0,-0.06658062803208203
turning,isolation_forest_image_features,3p5inchStickout_F_14-Jun-2017_rpm770_doc0p015_window_0003,validation,no_chatter,0,0.11373915143735125
turning,isolation_forest_image_features,4p5inchStickout_F_12-Jun-2017_rpm570_doc0p005_window_0000,validation,no_chatter,0,-0.07383411191538919
turning,isolation_forest_image_features,4p5inchStickout_F_12-Jun-2017_rpm570_doc0p005_window_0002,validation,no_chatter,0,-0.07627873180213779
turning,isolation_forest_image_features,4p5inchStickout_F_12-Jun-2017_rpm570_doc0p005_window_0005,validation,no_chatter,0,-0.02927040429222555
turning,isolation_forest_image_features,4p5inchStickout_F_12-Jun-2017_rpm570_doc0p035_window_0000,validation,no_chatter,0,-0.0664172643286659
turning,isolation_forest_image_features,4p5inchStickout_F_12-Jun-2017_rpm570_doc0p035_window_0001,validation,no_chatter,0,-0.01904670120726898
turning,isolation_forest_image_features,4p5inchStickout_F_12-Jun-2017_rpm570_doc0p035_window_0010,validation,no_chatter,0,-0.0716916201577566
turning,isolation_forest_image_features,4p5inchStickout_F_13-Jun-2017_rpm1030_doc0p014_window_0002,validation,no_chatter,0,-0.038778866760976194
turning,isolation_forest_image_features,4p5inchStickout_F_13-Jun-2017_rpm1030_doc0p015_window_0003,validation,no_chatter,0,0.0784253093881917
turning,isolation_forest_image_features,4p5inchStickout_F_13-Jun-2017_rpm770_doc0p015_window_0001,validation,no_chatter,0,-0.04147843993814426
turning,isolation_forest_image_features,4p5inchStickout_F_13-Jun-2017_rpm770_doc0p015_window_0002,validation,no_chatter,0,-0.08023644452901407
turning,isolation_forest_image_features,4p5inchStickout_F_13-Jun-2017_rpm770_doc0p015_window_0004,validation,no_chatter,0,-0.045316168074215124
turning,isolation_forest_image_features,4p5inchStickout_F_13-Jun-2017_rpm770_doc0p015_window_0005,validation,no_chatter,0,-0.06466456090126527
turning,isolation_forest_image_features,2inchStickout_F_08-Jun-2017_rpm320_doc0p040_window_0000,test,no_chatter,0,-0.12473321864086728
turning,isolation_forest_image_features,2inchStickout_F_08-Jun-2017_rpm320_doc0p040_window_0003,test,no_chatter,0,-0.0634905858796273
turning,isolation_forest_image_features,2inchStickout_F_08-Jun-2017_rpm320_doc0p040_window_0004,test,no_chatter,0,-0.123423845013512
turning,isolation_forest_image_features,2inchStickout_F_08-Jun-2017_rpm320_doc0p040_window_0012,test,no_chatter,0,-0.10167342580578675
turning,isolation_forest_image_features,2inchStickout_F_08-Jun-2017_rpm320_doc0p040_window_0022,test,no_chatter,0,-0.08520948069610373
turning,isolation_forest_image_features,2inchStickout_F_08-Jun-2017_rpm320_doc0p050_window_0003,test,no_chatter,0,-0.05863026962253093
turning,isolation_forest_image_features,2inchStickout_F_08-Jun-2017_rpm320_doc0p050_window_0008,test,no_chatter,0,-0.1195938351392003
turning,isolation_forest_image_features,2inchStickout_F_08-Jun-2017_rpm320_doc0p050_window_0009,test,no_chatter,0,-0.10709878907043835
turning,isolation_forest_image_features,2inchStickout_F_08-Jun-2017_rpm320_doc0p050_window_0012,test,no_chatter,0,-0.12425363743763895
turning,isolation_forest_image_features,2inchStickout_F_08-Jun-2017_rpm320_doc0p050_window_0013,test,no_chatter,0,-0.11414399045314405
turning,isolation_forest_image_features,2inchStickout_F_08-Jun-2017_rpm320_doc0p050_window_0014,test,no_chatter,0,-0.11391425884387046
turning,isolation_forest_image_features,2inchStickout_F_08-Jun-2017_rpm320_doc0p050_window_0017,test,no_chatter,0,-0.12541555759199957
turning,isolation_forest_image_features,2inchStickout_F_08-Jun-2017_rpm320_doc0p050_window_0022,test,no_chatter,0,-0.11754999145069533
turning,isolation_forest_image_features,2inchStickout_F_08-Jun-2017_rpm320_doc0p050_window_0023,test,no_chatter,0,-0.1168930985098901
turning,isolation_forest_image_features,2inchStickout_F_08-Jun-2017_rpm425_doc0p005_window_0003,test,no_chatter,0,-0.11796498665968858
turning,isolation_forest_image_features,2inchStickout_F_08-Jun-2017_rpm425_doc0p005_window_0005,test,no_chatter,0,-0.09988413594060719
turning,isolation_forest_image_features,2inchStickout_F_08-Jun-2017_rpm425_doc0p020_window_0002,test,no_chatter,0,-0.09100826932694023
turning,isolation_forest_image_features,2inchStickout_F_08-Jun-2017_rpm425_doc0p020_window_0005,test,no_chatter,0,0.017193828739291317
turning,isolation_forest_image_features,2inchStickout_F_08-Jun-2017_rpm425_doc0p025_window_0002,test,no_chatter,0,-0.09391293880023033
turning,isolation_forest_image_features,2inchStickout_F_08-Jun-2017_rpm570_doc0p002_window_0002,test,chatter,1,0.05762267222851103
turning,isolation_forest_image_features,2inchStickout_F_08-Jun-2017_rpm570_doc0p002_window_0003,test,chatter,1,0.15287586896767713
turning,isolation_forest_image_features,2inchStickout_F_08-Jun-2017_rpm570_doc0p005_window_0001,test,no_chatter,0,-0.07413840075429284
turning,isolation_forest_image_features,2inchStickout_F_08-Jun-2017_rpm570_doc0p005_window_0002,test,chatter,1,0.07569389727097131
turning,isolation_forest_image_features,2inchStickout_F_08-Jun-2017_rpm570_doc0p010_window_0000,test,no_chatter,0,-0.12149929326238229
turning,isolation_forest_image_features,2inchStickout_F_08-Jun-2017_rpm570_doc0p010_window_0001,test,no_chatter,0,-0.049670727987953744
turning,isolation_forest_image_features,2inchStickout_F_08-Jun-2017_rpm570_doc0p010_window_0002,test,chatter,1,0.14178816815194473
turning,isolation_forest_image_features,2inchStickout_F_08-Jun-2017_rpm570_doc0p010_window_0003,test,chatter,1,0.1397247830106041
turning,isolation_forest_image_features,2inchStickout_F_08-Jun-2017_rpm570_doc0p010_window_0004,test,chatter,1,0.18443587404790363
turning,isolation_forest_image_features,2inchStickout_F_08-Jun-2017_rpm570_doc0p010_window_0005,test,chatter,1,0.19728088071288397
turning,isolation_forest_image_features,2inchStickout_F_08-Jun-2017_rpm770_doc0p001_window_0000,test,no_chatter,0,-0.11251125491344777
turning,isolation_forest_image_features,2inchStickout_F_08-Jun-2017_rpm770_doc0p001_window_0006,test,chatter,1,0.20735056325366075
turning,isolation_forest_image_features,2inchStickout_F_08-Jun-2017_rpm770_doc0p001_window_0007,test,chatter,1,0.22312125130476212
turning,isolation_forest_image_features,2inchStickout_F_08-Jun-2017_rpm770_doc0p010_window_0001,test,chatter,1,0.20028090058355275
turning,isolation_forest_image_features,2inchStickout_F_08-Jun-2017_rpm770_doc0p010_window_0002,test,chatter,1,0.24962741826008983
turning,isolation_forest_image_features,2inchStickout_F_08-Jun-2017_rpm770_doc0p010_window_0003,test,chatter,1,0.2576638302244434
turning,isolation_forest_image_features,2inchStickout_F_08-Jun-2017_rpm770_doc0p010_window_0004,test,chatter,1,0.25393280614642266
turning,isolation_forest_image_features,2inchStickout_F_08-Jun-2017_rpm770_doc0p010_window_0005,test,chatter,1,0.2618992880245905
turning,isolation_forest_image_features,2inchStickout_F_08-Jun-2017_rpm770_doc0p010_window_0006,test,chatter,1,0.2588126136779645
turning,isolation_forest_image_features,2inchStickout_F_08-Jun-2017_rpm770_doc0p010_window_0007,test,chatter,1,0.2508784063216827
turning,isolation_forest_image_features,2inchStickout_F_08-Jun-2017_rpm770_doc0p010_window_0008,test,chatter,1,0.2572739690547109
turning,isolation_forest_image_features,2inchStickout_F_08-Jun-2017_rpm770_doc0p010_window_0009,test,chatter,1,0.26164346410789086
turning,isolation_forest_image_features,2inchStickout_F_08-Jun-2017_rpm770_doc0p010_window_0010,test,chatter,1,0.2654997626814608
turning,isolation_forest_image_features,2inchStickout_F_08-Jun-2017_rpm770_doc0p010_window_0011,test,chatter,1,0.2709758923064425
turning,isolation_forest_image_features,2inchStickout_F_08-Jun-2017_rpm770_doc0p010_window_0012,test,chatter,1,0.25393280614642266
turning,isolation_forest_image_features,2inchStickout_F_08-Jun-2017_rpm770_doc0p010_window_0013,test,chatter,1,0.2365558489597176
turning,isolation_forest_image_features,2inchStickout_F_08-Jun-2017_smoothingCut2_noChatter_window_0001,test,no_chatter,0,-0.06862224522071514
turning,isolation_forest_image_features,2inchStickout_F_08-Jun-2017_smoothingCut2_noChatter_window_0007,test,no_chatter,0,-0.1081288933095434
turning,isolation_forest_image_features,2inchStickout_F_08-Jun-2017_smoothingCut2_noChatter_window_0010,test,no_chatter,0,-0.1069663804743824
turning,isolation_forest_image_features,2p5inchStickout_F_12-Jun-2017_rpm570_doc0p003_window_0001,test,no_chatter,0,-0.08433089506118358
turning,isolation_forest_image_features,2p5inchStickout_F_12-Jun-2017_rpm570_doc0p005_window_0000,test,no_chatter,0,-0.11781637547736434
turning,isolation_forest_image_features,2p5inchStickout_F_12-Jun-2017_rpm570_doc0p005_window_0004,test,no_chatter,0,-0.035044129418366377
turning,isolation_forest_image_features,2p5inchStickout_F_12-Jun-2017_rpm570_doc0p005_window_0008,test,no_chatter,0,-0.027736237883239367
turning,isolation_forest_image_features,2p5inchStickout_F_12-Jun-2017_rpm570_doc0p010_window_0003,test,no_chatter,0,-0.07559175354383618
turning,isolation_forest_image_features,2p5inchStickout_F_12-Jun-2017_rpm570_doc0p010_window_0006,test,no_chatter,0,-0.0330215612508446
turning,isolation_forest_image_features,2p5inchStickout_F_12-Jun-2017_rpm570_doc0p010_window_0009,test,no_chatter,0,-0.07574743447911597
turning,isolation_forest_image_features,2p5inchStickout_F_12-Jun-2017_rpm570_doc0p012_window_0002,test,chatter,1,0.05170286565934956
turning,isolation_forest_image_features,2p5inchStickout_F_12-Jun-2017_rpm570_doc0p015_trial2_window_0002,test,chatter,1,0.12360779503150343
turning,isolation_forest_image_features,2p5inchStickout_F_12-Jun-2017_rpm570_doc0p015_trial2_window_0003,test,chatter,1,0.21474995394397023
turning,isolation_forest_image_features,2p5inchStickout_F_12-Jun-2017_rpm570_doc0p015_trial2_window_0004,test,chatter,1,0.21914427256798463
turning,isolation_forest_image_features,2p5inchStickout_F_12-Jun-2017_rpm570_doc0p015_trial2_window_0005,test,chatter,1,0.18309272988322833
turning,isolation_forest_image_features,3inchStickout_F_12-Jun-2017_rpm570_doc0p015_window_0001,test,no_chatter,0,-0.06858895624235473
turning,isolation_forest_image_features,3p5inchStickout_F_12-Jun-2017_rpm570_doc0p030_window_0001,test,no_chatter,0,-0.07878395669364596
turning,isolation_forest_image_features,3p5inchStickout_F_12-Jun-2017_rpm570_doc0p030_window_0009,test,no_chatter,0,0.042472837389470275
turning,isolation_forest_image_features,3p5inchStickout_F_14-Jun-2017_rpm770_doc0p008_window_0003,test,no_chatter,0,-0.06835741022593228
turning,isolation_forest_image_features,4p5inchStickout_F_12-Jun-2017_rpm570_doc0p010_window_0002,test,no_chatter,0,-0.07864061314596715
turning,isolation_forest_image_features,4p5inchStickout_F_12-Jun-2017_rpm570_doc0p025_window_0006,test,no_chatter,0,-0.06781874929544679
turning,isolation_forest_image_features,4p5inchStickout_F_13-Jun-2017_rpm1030_doc0p005_window_0001,test,no_chatter,0,-0.010784904674466356
turning,isolation_forest_image_features,4p5inchStickout_F_13-Jun-2017_rpm1030_doc0p005_window_0002,test,no_chatter,0,-0.05037783962696224
turning,isolation_forest_image_features,4p5inchStickout_F_13-Jun-2017_rpm1030_doc0p010_window_0001,test,no_chatter,0,0.06521476525284453
turning,isolation_forest_image_features,4p5inchStickout_F_13-Jun-2017_rpm1030_doc0p012_window_0002,test,no_chatter,0,-0.021482731901306062
turning,isolation_forest_image_features,4p5inchStickout_F_13-Jun-2017_rpm1030_doc0p013_window_0000,test,no_chatter,0,-0.08667443936446545
turning,isolation_forest_image_features,4p5inchStickout_F_13-Jun-2017_rpm1030_doc0p013_window_0002,test,no_chatter,0,-0.026784801162385075
turning,isolation_forest_image_features,4p5inchStickout_F_13-Jun-2017_rpm1030_doc0p016_window_0000,test,no_chatter,0,-0.06330912088396945
turning,isolation_forest_image_features,4p5inchStickout_F_13-Jun-2017_rpm770_doc0p010_window_0003,test,no_chatter,0,-0.05780784679772227
turning,isolation_forest_image_features,4p5inchStickout_F_13-Jun-2017_rpm770_doc0p020_window_0002,test,no_chatter,0,-0.07050290288207423
turning,pca_image_reconstruction,2inchStickout_F_08-Jun-2017_rpm1030_doc0p001_window_0001,validation,chatter,1,0.00715983472764492
turning,pca_image_reconstruction,2inchStickout_F_08-Jun-2017_rpm1030_doc0p001_window_0002,validation,chatter,1,0.005693373735994101
turning,pca_image_reconstruction,2inchStickout_F_08-Jun-2017_rpm1030_doc0p001_window_0003,validation,chatter,1,0.0064100963063538074
turning,pca_image_reconstruction,2inchStickout_F_08-Jun-2017_rpm320_doc0p005_window_0005,validation,no_chatter,0,0.0014449841110035777
turning,pca_image_reconstruction,2inchStickout_F_08-Jun-2017_rpm320_doc0p005_window_0006,validation,chatter,1,0.0020153166260570288
turning,pca_image_reconstruction,2inchStickout_F_08-Jun-2017_rpm320_doc0p005_window_0007,validation,chatter,1,0.0014783095102757215
turning,pca_image_reconstruction,2inchStickout_F_08-Jun-2017_rpm320_doc0p005_window_0008,validation,chatter,1,0.0023622121661901474
turning,pca_image_reconstruction,2inchStickout_F_08-Jun-2017_rpm320_doc0p005_window_0009,validation,chatter,1,0.0015036449767649174
turning,pca_image_reconstruction,2inchStickout_F_08-Jun-2017_rpm320_doc0p005_window_0010,validation,chatter,1,0.0010839258320629597
turning,pca_image_reconstruction,2inchStickout_F_08-Jun-2017_rpm320_doc0p005_window_0011,validation,chatter,1,0.0010372501565143466
turning,pca_image_reconstruction,2inchStickout_F_08-Jun-2017_rpm320_doc0p010_window_0005,validation,no_chatter,0,0.000272093981038779
turning,pca_image_reconstruction,2inchStickout_F_08-Jun-2017_rpm320_doc0p010_window_0006,validation,no_chatter,0,0.00027394815697334707
turning,pca_image_reconstruction,2inchStickout_F_08-Jun-2017_rpm320_doc0p010_window_0008,validation,no_chatter,0,0.0007817469304427505
turning,pca_image_reconstruction,2inchStickout_F_08-Jun-2017_rpm320_doc0p010_window_0011,validation,no_chatter,0,0.0018448063638061285
turning,pca_image_reconstruction,2inchStickout_F_08-Jun-2017_rpm320_doc0p010_window_0013,validation,no_chatter,0,0.0012103237677365541
turning,pca_image_reconstruction,2inchStickout_F_08-Jun-2017_rpm320_doc0p015_window_0001,validation,no_chatter,0,1.1151178114232607e-05
turning,pca_image_reconstruction,2inchStickout_F_08-Jun-2017_rpm320_doc0p015_window_0003,validation,no_chatter,0,0.0002257891756016761
turning,pca_image_reconstruction,2inchStickout_F_08-Jun-2017_rpm320_doc0p015_window_0013,validation,no_chatter,0,0.0002627396024763584
turning,pca_image_reconstruction,2inchStickout_F_08-Jun-2017_rpm320_doc0p015_window_0014,validation,no_chatter,0,0.0004921474610455334
turning,pca_image_reconstruction,2inchStickout_F_08-Jun-2017_rpm320_doc0p020_window_0000,validation,no_chatter,0,1.59001810970949e-05
turning,pca_image_reconstruction,2inchStickout_F_08-Jun-2017_rpm320_doc0p020_window_0003,validation,no_chatter,0,2.104853410855867e-05
turning,pca_image_reconstruction,2inchStickout_F_08-Jun-2017_rpm320_doc0p020_window_0004,validation,no_chatter,0,0.00018056659610010684
turning,pca_image_reconstruction,2inchStickout_F_08-Jun-2017_rpm320_doc0p020_window_0006,validation,no_chatter,0,0.00015857450489420444
turning,pca_image_reconstruction,2inchStickout_F_08-Jun-2017_rpm320_doc0p020_window_0013,validation,no_chatter,0,0.00028767529875040054
turning,pca_image_reconstruction,2inchStickout_F_08-Jun-2017_rpm320_doc0p020_window_0014,validation,no_chatter,0,0.0002799103385768831
turning,pca_image_reconstruction,2inchStickout_F_08-Jun-2017_rpm320_doc0p020_window_0022,validation,no_chatter,0,0.0002167764469049871
turning,pca_image_reconstruction,2inchStickout_F_08-Jun-2017_rpm320_doc0p025_window_0003,validation,no_chatter,0,0.000678065640386194
turning,pca_image_reconstruction,2inchStickout_F_08-Jun-2017_rpm320_doc0p025_window_0004,validation,no_chatter,0,0.0002458303642924875
turning,pca_image_reconstruction,2inchStickout_F_08-Jun-2017_rpm320_doc0p025_window_0008,validation,no_chatter,0,0.00024664541706442833
turning,pca_image_reconstruction,2inchStickout_F_08-Jun-2017_rpm320_doc0p025_window_0012,validation,no_chatter,0,0.0012166822561994195
turning,pca_image_reconstruction,2inchStickout_F_08-Jun-2017_rpm320_doc0p025_window_0013,validation,no_chatter,0,0.001294199377298355
turning,pca_image_reconstruction,2inchStickout_F_08-Jun-2017_rpm320_doc0p025_window_0017,validation,no_chatter,0,0.000799515109974891
turning,pca_image_reconstruction,2inchStickout_F_08-Jun-2017_rpm320_doc0p025_window_0021,validation,no_chatter,0,0.0006412913207896054
turning,pca_image_reconstruction,2inchStickout_F_08-Jun-2017_rpm320_doc0p025_window_0023,validation,no_chatter,0,0.0007469362462870777
turning,pca_image_reconstruction,2inchStickout_F_08-Jun-2017_rpm320_doc0p030_window_0011,validation,no_chatter,0,0.0003666516859084368
turning,pca_image_reconstruction,2inchStickout_F_08-Jun-2017_rpm320_doc0p030_window_0012,validation,no_chatter,0,0.00024239675258286297
turning,pca_image_reconstruction,2inchStickout_F_08-Jun-2017_rpm320_doc0p030_window_0019,validation,no_chatter,0,0.0006693431059829891
turning,pca_image_reconstruction,2inchStickout_F_08-Jun-2017_rpm320_doc0p030_window_0020,validation,no_chatter,0,0.0007869037799537182
turning,pca_image_reconstruction,2inchStickout_F_08-Jun-2017_rpm320_doc0p035_window_0003,validation,no_chatter,0,9.705116099212319e-05
turning,pca_image_reconstruction,2inchStickout_F_08-Jun-2017_rpm320_doc0p035_window_0020,validation,no_chatter,0,0.0004037241160403937
turning,pca_image_reconstruction,2inchStickout_F_08-Jun-2017_rpm320_doc0p035_window_0022,validation,no_chatter,0,0.0005343050579540431
turning,pca_image_reconstruction,2inchStickout_F_08-Jun-2017_rpm320_doc0p045_window_0009,validation,no_chatter,0,0.00031931622652336955
turning,pca_image_reconstruction,2inchStickout_F_08-Jun-2017_rpm320_doc0p045_window_0015,validation,no_chatter,0,0.00031389991636388004
turning,pca_image_reconstruction,2inchStickout_F_08-Jun-2017_rpm320_doc0p045_window_0016,validation,no_chatter,0,0.0003566613595467061
turning,pca_image_reconstruction,2inchStickout_F_08-Jun-2017_rpm320_doc0p045_window_0017,validation,no_chatter,0,0.0005411460879258811
turning,pca_image_reconstruction,2inchStickout_F_08-Jun-2017_rpm320_doc0p060_xAccDetached_window_0003,validation,no_chatter,0,0.0001917249319376424
turning,pca_image_reconstruction,2inchStickout_F_08-Jun-2017_rpm425_doc0p010_window_0000,validation,no_chatter,0,1.7923181076184846e-05
turning,pca_image_reconstruction,2inchStickout_F_08-Jun-2017_rpm425_doc0p010_window_0005,validation,no_chatter,0,0.0008317888132296503
turning,pca_image_reconstruction,2inchStickout_F_08-Jun-2017_rpm425_doc0p015_window_0007,validation,no_chatter,0,0.0010790809756144881
turning,pca_image_reconstruction,2inchStickout_F_08-Jun-2017_rpm425_doc0p017_window_0002,validation,no_chatter,0,0.0005939912516623735
turning,pca_image_reconstruction,2inchStickout_F_08-Jun-2017_rpm425_doc0p017_window_0003,validation,no_chatter,0,0.0009442482842132449
turning,pca_image_reconstruction,2inchStickout_F_08-Jun-2017_rpm425_doc0p017_window_0004,validation,no_chatter,0,0.001103132963180542
turning,pca_image_reconstruction,2inchStickout_F_08-Jun-2017_rpm425_doc0p017_window_0005,validation,no_chatter,0,0.0008945464505814016
turning,pca_image_reconstruction,2inchStickout_F_08-Jun-2017_rpm425_doc0p020_window_0006,validation,chatter,1,0.0033801645040512085
turning,pca_image_reconstruction,2inchStickout_F_08-Jun-2017_rpm425_doc0p020_window_0007,validation,chatter,1,0.0037334177177399397
turning,pca_image_reconstruction,2inchStickout_F_08-Jun-2017_rpm425_doc0p025_window_0004,validation,chatter,1,0.001858242554590106
turning,pca_image_reconstruction,2inchStickout_F_08-Jun-2017_rpm425_doc0p025_window_0005,validation,chatter,1,0.001652417005971074
turning,pca_image_reconstruction,2inchStickout_F_08-Jun-2017_rpm425_doc0p025_window_0006,validation,chatter,1,0.001600679475814104
turning,pca_image_reconstruction,2inchStickout_F_08-Jun-2017_rpm425_doc0p025_window_0007,validation,chatter,1,0.0014959645923227072
turning,pca_image_reconstruction,2inchStickout_F_08-Jun-2017_rpm570_doc0p001_window_0001,validation,no_chatter,0,0.0007011131965555251
turning,pca_image_reconstruction,2inchStickout_F_08-Jun-2017_rpm570_doc0p001_window_0002,validation,chatter,1,0.001081149443052709
turning,pca_image_reconstruction,2inchStickout_F_08-Jun-2017_rpm570_doc0p001_window_0003,validation,chatter,1,0.0013813682598993182
turning,pca_image_reconstruction,2inchStickout_F_08-Jun-2017_rpm570_doc0p001_window_0004,validation,chatter,1,0.001353343715891242
turning,pca_image_reconstruction,2inchStickout_F_08-Jun-2017_rpm570_doc0p001_window_0005,validation,chatter,1,0.0017005930421873927
turning,pca_image_reconstruction,2inchStickout_F_08-Jun-2017_rpm770_doc0p002_window_0001,validation,chatter,1,0.002732974709942937
turning,pca_image_reconstruction,2inchStickout_F_08-Jun-2017_rpm770_doc0p002_window_0002,validation,chatter,1,0.007255937904119492
turning,pca_image_reconstruction,2inchStickout_F_08-Jun-2017_rpm770_doc0p002_window_0004,validation,chatter,1,0.0027392723131924868
turning,pca_image_reconstruction,2inchStickout_F_08-Jun-2017_rpm770_doc0p002_window_0007,validation,chatter,1,0.002932275179773569
turning,pca_image_reconstruction,2inchStickout_F_08-Jun-2017_rpm770_doc0p005_window_0000,validation,chatter,1,0.0029914272017776966
turning,pca_image_reconstruction,2inchStickout_F_08-Jun-2017_rpm770_doc0p005_window_0001,validation,chatter,1,0.004602629691362381
turning,pca_image_reconstruction,2inchStickout_F_08-Jun-2017_rpm770_doc0p005_window_0002,validation,chatter,1,0.005656011868268251
turning,pca_image_reconstruction,2inchStickout_F_08-Jun-2017_rpm770_doc0p005_window_0003,validation,chatter,1,0.004540582187473774
turning,pca_image_reconstruction,2inchStickout_F_08-Jun-2017_rpm770_doc0p005_window_0004,validation,chatter,1,0.004774253349751234
turning,pca_image_reconstruction,2inchStickout_F_08-Jun-2017_rpm770_doc0p005_window_0005,validation,chatter,1,0.005269533488899469
turning,pca_image_reconstruction,2inchStickout_F_08-Jun-2017_rpm770_doc0p005_window_0006,validation,chatter,1,0.005390847567468882
turning,pca_image_reconstruction,2inchStickout_F_08-Jun-2017_rpm770_doc0p005_window_0007,validation,chatter,1,0.005307983607053757
turning,pca_image_reconstruction,2inchStickout_F_08-Jun-2017_rpm770_doc0p005_window_0008,validation,chatter,1,0.00492243655025959
turning,pca_image_reconstruction,2inchStickout_F_08-Jun-2017_rpm770_doc0p005_window_0009,validation,chatter,1,0.004593731369823217
turning,pca_image_reconstruction,2inchStickout_F_08-Jun-2017_rpm770_doc0p005_window_0010,validation,chatter,1,0.004956487100571394
turning,pca_image_reconstruction,2p5inchStickout_F_12-Jun-2017_rpm570_doc0p008_window_0009,validation,no_chatter,0,0.0010591017780825496
turning,pca_image_reconstruction,2p5inchStickout_F_12-Jun-2017_rpm570_doc0p012_window_0006,validation,no_chatter,0,0.000577208527829498
turning,pca_image_reconstruction,2p5inchStickout_F_12-Jun-2017_rpm570_doc0p012_window_0008,validation,no_chatter,0,0.0007066554971970618
turning,pca_image_reconstruction,2p5inchStickout_F_12-Jun-2017_rpm570_doc0p012_window_0009,validation,no_chatter,0,0.0009390405612066388
turning,pca_image_reconstruction,2p5inchStickout_F_12-Jun-2017_rpm570_doc0p014_window_0003,validation,no_chatter,0,0.0006601889035664499
turning,pca_image_reconstruction,2p5inchStickout_F_12-Jun-2017_rpm570_doc0p014_window_0004,validation,no_chatter,0,0.0005444266134873033
turning,pca_image_reconstruction,2p5inchStickout_F_12-Jun-2017_rpm570_doc0p014_window_0005,validation,no_chatter,0,0.0004934502649120986
turning,pca_image_reconstruction,2p5inchStickout_F_12-Jun-2017_rpm570_doc0p015_window_0000,validation,no_chatter,0,0.00013189575111027807
turning,pca_image_reconstruction,3p5inchStickout_F_12-Jun-2017_rpm570_doc0p025_window_0000,validation,no_chatter,0,8.831126251607202e-06
turning,pca_image_reconstruction,3p5inchStickout_F_12-Jun-2017_rpm570_doc0p025_window_0003,validation,no_chatter,0,0.0007866409723646939
turning,pca_image_reconstruction,3p5inchStickout_F_14-Jun-2017_rpm770_doc0p005_window_0000,validation,no_chatter,0,3.017824019480031e-05
turning,pca_image_reconstruction,3p5inchStickout_F_14-Jun-2017_rpm770_doc0p015_window_0000,validation,no_chatter,0,2.5871240723063238e-05
turning,pca_image_reconstruction,3p5inchStickout_F_14-Jun-2017_rpm770_doc0p015_window_0003,validation,no_chatter,0,0.0022913110442459583
turning,pca_image_reconstruction,4p5inchStickout_F_12-Jun-2017_rpm570_doc0p005_window_0000,validation,no_chatter,0,8.64802404976217e-06
turning,pca_image_reconstruction,4p5inchStickout_F_12-Jun-2017_rpm570_doc0p005_window_0002,validation,no_chatter,0,8.187434104911517e-06
turning,pca_image_reconstruction,4p5inchStickout_F_12-Jun-2017_rpm570_doc0p005_window_0005,validation,no_chatter,0,0.00032477392232976854
turning,pca_image_reconstruction,4p5inchStickout_F_12-Jun-2017_rpm570_doc0p035_window_0000,validation,no_chatter,0,0.0005509614711627364
turning,pca_image_reconstruction,4p5inchStickout_F_12-Jun-2017_rpm570_doc0p035_window_0001,validation,no_chatter,0,0.0008860116940923035
turning,pca_image_reconstruction,4p5inchStickout_F_12-Jun-2017_rpm570_doc0p035_window_0010,validation,no_chatter,0,1.140082622441696e-05
turning,pca_image_reconstruction,4p5inchStickout_F_13-Jun-2017_rpm1030_doc0p014_window_0002,validation,no_chatter,0,0.0008356317412108183
turning,pca_image_reconstruction,4p5inchStickout_F_13-Jun-2017_rpm1030_doc0p015_window_0003,validation,no_chatter,0,0.0011026666034013033
turning,pca_image_reconstruction,4p5inchStickout_F_13-Jun-2017_rpm770_doc0p015_window_0001,validation,no_chatter,0,0.00036856139195151627
turning,pca_image_reconstruction,4p5inchStickout_F_13-Jun-2017_rpm770_doc0p015_window_0002,validation,no_chatter,0,0.0005117362015880644
turning,pca_image_reconstruction,4p5inchStickout_F_13-Jun-2017_rpm770_doc0p015_window_0004,validation,no_chatter,0,0.0010458675678819418
turning,pca_image_reconstruction,4p5inchStickout_F_13-Jun-2017_rpm770_doc0p015_window_0005,validation,no_chatter,0,0.0005776339094154537
turning,pca_image_reconstruction,2inchStickout_F_08-Jun-2017_rpm320_doc0p040_window_0000,test,no_chatter,0,1.3976172340335324e-05
turning,pca_image_reconstruction,2inchStickout_F_08-Jun-2017_rpm320_doc0p040_window_0003,test,no_chatter,0,0.0006999651668593287
turning,pca_image_reconstruction,2inchStickout_F_08-Jun-2017_rpm320_doc0p040_window_0004,test,no_chatter,0,0.0005125075695104897
turning,pca_image_reconstruction,2inchStickout_F_08-Jun-2017_rpm320_doc0p040_window_0012,test,no_chatter,0,0.0006742902332916856
turning,pca_image_reconstruction,2inchStickout_F_08-Jun-2017_rpm320_doc0p040_window_0022,test,no_chatter,0,0.0004087767156306654
turning,pca_image_reconstruction,2inchStickout_F_08-Jun-2017_rpm320_doc0p050_window_0003,test,no_chatter,0,0.001207780442200601
turning,pca_image_reconstruction,2inchStickout_F_08-Jun-2017_rpm320_doc0p050_window_0008,test,no_chatter,0,0.0002620627055875957
turning,pca_image_reconstruction,2inchStickout_F_08-Jun-2017_rpm320_doc0p050_window_0009,test,no_chatter,0,0.00038779963506385684
turning,pca_image_reconstruction,2inchStickout_F_08-Jun-2017_rpm320_doc0p050_window_0012,test,no_chatter,0,0.0002631375682540238
turning,pca_image_reconstruction,2inchStickout_F_08-Jun-2017_rpm320_doc0p050_window_0013,test,no_chatter,0,0.0005101231508888304
turning,pca_image_reconstruction,2inchStickout_F_08-Jun-2017_rpm320_doc0p050_window_0014,test,no_chatter,0,0.00040007909410633147
turning,pca_image_reconstruction,2inchStickout_F_08-Jun-2017_rpm320_doc0p050_window_0017,test,no_chatter,0,0.0003637715126387775
turning,pca_image_reconstruction,2inchStickout_F_08-Jun-2017_rpm320_doc0p050_window_0022,test,no_chatter,0,0.00037565839011222124
turning,pca_image_reconstruction,2inchStickout_F_08-Jun-2017_rpm320_doc0p050_window_0023,test,no_chatter,0,0.0005174997495487332
turning,pca_image_reconstruction,2inchStickout_F_08-Jun-2017_rpm425_doc0p005_window_0003,test,no_chatter,0,0.0005043054115958512
turning,pca_image_reconstruction,2inchStickout_F_08-Jun-2017_rpm425_doc0p005_window_0005,test,no_chatter,0,0.0004266553441993892
turning,pca_image_reconstruction,2inchStickout_F_08-Jun-2017_rpm425_doc0p020_window_0002,test,no_chatter,0,0.0005646203644573689
turning,pca_image_reconstruction,2inchStickout_F_08-Jun-2017_rpm425_doc0p020_window_0005,test,no_chatter,0,0.00200929818674922
turning,pca_image_reconstruction,2inchStickout_F_08-Jun-2017_rpm425_doc0p025_window_0002,test,no_chatter,0,0.0006583482027053833
turning,pca_image_reconstruction,2inchStickout_F_08-Jun-2017_rpm570_doc0p002_window_0002,test,chatter,1,0.0023478190414607525
turning,pca_image_reconstruction,2inchStickout_F_08-Jun-2017_rpm570_doc0p002_window_0003,test,chatter,1,0.003142219502478838
turning,pca_image_reconstruction,2inchStickout_F_08-Jun-2017_rpm570_doc0p005_window_0001,test,no_chatter,0,0.0004687393957283348
turning,pca_image_reconstruction,2inchStickout_F_08-Jun-2017_rpm570_doc0p005_window_0002,test,chatter,1,0.0016805186169221997
turning,pca_image_reconstruction,2inchStickout_F_08-Jun-2017_rpm570_doc0p010_window_0000,test,no_chatter,0,1.6198255252675153e-05
turning,pca_image_reconstruction,2inchStickout_F_08-Jun-2017_rpm570_doc0p010_window_0001,test,no_chatter,0,0.0008205886115320027
turning,pca_image_reconstruction,2inchStickout_F_08-Jun-2017_rpm570_doc0p010_window_0002,test,chatter,1,0.001938247005455196
turning,pca_image_reconstruction,2inchStickout_F_08-Jun-2017_rpm570_doc0p010_window_0003,test,chatter,1,0.001766305067576468
turning,pca_image_reconstruction,2inchStickout_F_08-Jun-2017_rpm570_doc0p010_window_0004,test,chatter,1,0.0016149258008226752
turning,pca_image_reconstruction,2inchStickout_F_08-Jun-2017_rpm570_doc0p010_window_0005,test,chatter,1,0.002058431738987565
turning,pca_image_reconstruction,2inchStickout_F_08-Jun-2017_rpm770_doc0p001_window_0000,test,no_chatter,0,2.029587449214887e-05
turning,pca_image_reconstruction,2inchStickout_F_08-Jun-2017_rpm770_doc0p001_window_0006,test,chatter,1,0.0021158780436962843
turning,pca_image_reconstruction,2inchStickout_F_08-Jun-2017_rpm770_doc0p001_window_0007,test,chatter,1,0.003683541202917695
turning,pca_image_reconstruction,2inchStickout_F_08-Jun-2017_rpm770_doc0p010_window_0001,test,chatter,1,0.0032957810908555984
turning,pca_image_reconstruction,2inchStickout_F_08-Jun-2017_rpm770_doc0p010_window_0002,test,chatter,1,0.0031756116077303886
turning,pca_image_reconstruction,2inchStickout_F_08-Jun-2017_rpm770_doc0p010_window_0003,test,chatter,1,0.002673245267942548
turning,pca_image_reconstruction,2inchStickout_F_08-Jun-2017_rpm770_doc0p010_window_0004,test,chatter,1,0.0027852824423462152
turning,pca_image_reconstruction,2inchStickout_F_08-Jun-2017_rpm770_doc0p010_window_0005,test,chatter,1,0.0032031983137130737
turning,pca_image_reconstruction,2inchStickout_F_08-Jun-2017_rpm770_doc0p010_window_0006,test,chatter,1,0.0029491782188415527
turning,pca_image_reconstruction,2inchStickout_F_08-Jun-2017_rpm770_doc0p010_window_0007,test,chatter,1,0.0025208669248968363
turning,pca_image_reconstruction,2inchStickout_F_08-Jun-2017_rpm770_doc0p010_window_0008,test,chatter,1,0.003135407343506813
turning,pca_image_reconstruction,2inchStickout_F_08-Jun-2017_rpm770_doc0p010_window_0009,test,chatter,1,0.0031641130335628986
turning,pca_image_reconstruction,2inchStickout_F_08-Jun-2017_rpm770_doc0p010_window_0010,test,chatter,1,0.002929908223450184
turning,pca_image_reconstruction,2inchStickout_F_08-Jun-2017_rpm770_doc0p010_window_0011,test,chatter,1,0.003494932083413005
turning,pca_image_reconstruction,2inchStickout_F_08-Jun-2017_rpm770_doc0p010_window_0012,test,chatter,1,0.0027008585166186094
turning,pca_image_reconstruction,2inchStickout_F_08-Jun-2017_rpm770_doc0p010_window_0013,test,chatter,1,0.0025386582128703594
turning,pca_image_reconstruction,2inchStickout_F_08-Jun-2017_smoothingCut2_noChatter_window_0001,test,no_chatter,0,0.00045161688467487693
turning,pca_image_reconstruction,2inchStickout_F_08-Jun-2017_smoothingCut2_noChatter_window_0007,test,no_chatter,0,0.0006419190904125571
turning,pca_image_reconstruction,2inchStickout_F_08-Jun-2017_smoothingCut2_noChatter_window_0010,test,no_chatter,0,0.000596461002714932
turning,pca_image_reconstruction,2p5inchStickout_F_12-Jun-2017_rpm570_doc0p003_window_0001,test,no_chatter,0,0.0003258785291109234
turning,pca_image_reconstruction,2p5inchStickout_F_12-Jun-2017_rpm570_doc0p005_window_0000,test,no_chatter,0,0.00012628041440621018
turning,pca_image_reconstruction,2p5inchStickout_F_12-Jun-2017_rpm570_doc0p005_window_0004,test,no_chatter,0,0.0012700159568339586
turning,pca_image_reconstruction,2p5inchStickout_F_12-Jun-2017_rpm570_doc0p005_window_0008,test,no_chatter,0,0.002471830230206251
turning,pca_image_reconstruction,2p5inchStickout_F_12-Jun-2017_rpm570_doc0p010_window_0003,test,no_chatter,0,0.00039532509981654584
turning,pca_image_reconstruction,2p5inchStickout_F_12-Jun-2017_rpm570_doc0p010_window_0006,test,no_chatter,0,0.0008567128679715097
turning,pca_image_reconstruction,2p5inchStickout_F_12-Jun-2017_rpm570_doc0p010_window_0009,test,no_chatter,0,0.00044062454253435135
turning,pca_image_reconstruction,2p5inchStickout_F_12-Jun-2017_rpm570_doc0p012_window_0002,test,chatter,1,0.0015520878368988633
turning,pca_image_reconstruction,2p5inchStickout_F_12-Jun-2017_rpm570_doc0p015_trial2_window_0002,test,chatter,1,0.0019623429980129004
turning,pca_image_reconstruction,2p5inchStickout_F_12-Jun-2017_rpm570_doc0p015_trial2_window_0003,test,chatter,1,0.0019369012443348765
turning,pca_image_reconstruction,2p5inchStickout_F_12-Jun-2017_rpm570_doc0p015_trial2_window_0004,test,chatter,1,0.002096173819154501
turning,pca_image_reconstruction,2p5inchStickout_F_12-Jun-2017_rpm570_doc0p015_trial2_window_0005,test,chatter,1,0.0024125147610902786
turning,pca_image_reconstruction,3inchStickout_F_12-Jun-2017_rpm570_doc0p015_window_0001,test,no_chatter,0,2.665766623977106e-05
turning,pca_image_reconstruction,3p5inchStickout_F_12-Jun-2017_rpm570_doc0p030_window_0001,test,no_chatter,0,9.455350664211437e-06
turning,pca_image_reconstruction,3p5inchStickout_F_12-Jun-2017_rpm570_doc0p030_window_0009,test,no_chatter,0,0.0018681049114093184
turning,pca_image_reconstruction,3p5inchStickout_F_14-Jun-2017_rpm770_doc0p008_window_0003,test,no_chatter,0,0.0005917470552958548
turning,pca_image_reconstruction,4p5inchStickout_F_12-Jun-2017_rpm570_doc0p010_window_0002,test,no_chatter,0,8.03474358690437e-06
turning,pca_image_reconstruction,4p5inchStickout_F_12-Jun-2017_rpm570_doc0p025_window_0006,test,no_chatter,0,0.0003260432567913085
turning,pca_image_reconstruction,4p5inchStickout_F_13-Jun-2017_rpm1030_doc0p005_window_0001,test,no_chatter,0,0.0009282263345085084
turning,pca_image_reconstruction,4p5inchStickout_F_13-Jun-2017_rpm1030_doc0p005_window_0002,test,no_chatter,0,0.0007429332472383976
turning,pca_image_reconstruction,4p5inchStickout_F_13-Jun-2017_rpm1030_doc0p010_window_0001,test,no_chatter,0,0.0009453750681132078
turning,pca_image_reconstruction,4p5inchStickout_F_13-Jun-2017_rpm1030_doc0p012_window_0002,test,no_chatter,0,0.0007146106800064445
turning,pca_image_reconstruction,4p5inchStickout_F_13-Jun-2017_rpm1030_doc0p013_window_0000,test,no_chatter,0,8.73580120241968e-06
turning,pca_image_reconstruction,4p5inchStickout_F_13-Jun-2017_rpm1030_doc0p013_window_0002,test,no_chatter,0,0.0009380649426020682
turning,pca_image_reconstruction,4p5inchStickout_F_13-Jun-2017_rpm1030_doc0p016_window_0000,test,no_chatter,0,1.7853491954156198e-05
turning,pca_image_reconstruction,4p5inchStickout_F_13-Jun-2017_rpm770_doc0p010_window_0003,test,no_chatter,0,0.0007364466437138617
turning,pca_image_reconstruction,4p5inchStickout_F_13-Jun-2017_rpm770_doc0p020_window_0002,test,no_chatter,0,0.0005084339063614607
