epoch,loss,val_loss
1,0.2129972130060196,0.21579405665397644
2,0.21241748332977295,0.2152145355939865
3,0.211790069937706,0.21449515223503113
4,0.21099841594696045,0.21357251703739166
5,0.20997285842895508,0.2123672068119049
6,0.20862700045108795,0.21077769994735718
7,0.20683588087558746,0.20863059163093567
8,0.20439426600933075,0.2057010382413864
9,0.2010931372642517,0.20177944004535675
10,0.19670851528644562,0.19661618769168854
11,0.19099290668964386,0.1899619847536087
12,0.18372157216072083,0.18162766098976135
13,0.17478887736797333,0.17162469029426575
14,0.16432440280914307,0.1602172553539276
15,0.15268883109092712,0.14787499606609344
16,0.14037872850894928,0.13511495292186737
17,0.12786860764026642,0.1223541647195816
18,0.11548112332820892,0.1098191887140274
19,0.10333836078643799,0.09752411395311356
20,0.09135236591100693,0.08529464155435562
21,0.07933003455400467,0.07298221439123154
22,0.06725285947322845,0.06076081097126007
23,0.055488407611846924,0.04920704662799835
24,0.044693514704704285,0.03902243450284004
25,0.03551175445318222,0.03073066473007202
26,0.028293723240494728,0.024464821442961693
27,0.022989584133028984,0.01998438872396946
28,0.01926751248538494,0.01687755435705185
29,0.016709720715880394,0.014739535748958588
30,0.014950323849916458,0.013251599855720997
31,0.013720025308430195,0.012191027402877808
32,0.012837665155529976,0.011414713226258755
33,0.012186323292553425,0.010829159058630466
34,0.011691859923303127,0.010377048514783382
35,0.011307800188660622,0.010020379908382893
36,0.01100313849747181,0.009733670391142368
37,0.010757473297417164,0.009499667212367058
38,0.010556252673268318,0.00930663663893938
39,0.010389053262770176,0.009144332259893417
40,0.010247397236526012,0.009006225503981113
41,0.010125945322215557,0.008887438103556633
42,0.010020731948316097,0.008784760721027851
43,0.009928195737302303,0.00869405921548605
44,0.009845830500125885,0.008613940328359604
45,0.00977160595357418,0.008541975170373917
46,0.009703745134174824,0.008476684801280499
47,0.009640906937420368,0.008416823111474514
48,0.00958202313631773,0.008361149579286575
49,0.009526291862130165,0.008309392258524895
50,0.009473110549151897,0.008260339498519897
51,0.009421837516129017,0.008213934488594532
52,0.009372184984385967,0.008169502951204777
53,0.009323661215603352,0.008126846514642239
54,0.009276055730879307,0.008085522800683975
55,0.009229081682860851,0.008045323193073273
56,0.009182438254356384,0.008005901239812374
57,0.009136038832366467,0.007967163808643818
58,0.009089679457247257,0.007928815670311451
59,0.009043216705322266,0.007890690118074417
60,0.008996613323688507,0.007852774113416672
61,0.008949950337409973,0.007815098389983177
62,0.008903360925614834,0.007777702063322067
63,0.00885671004652977,0.007740106899291277
64,0.00880975928157568,0.007702397182583809
65,0.008762908168137074,0.007664956618100405
66,0.008716180920600891,0.007627476472407579
67,0.00866955891251564,0.0075904191471636295
68,0.008623167872428894,0.007553687784820795
69,0.008576693013310432,0.007516948971897364
70,0.00853071641176939,0.007480603642761707
71,0.008485597558319569,0.007444814778864384
72,0.008441446349024773,0.007409533020108938
73,0.008397935889661312,0.0073745762929320335
74,0.008354836143553257,0.007340061012655497
75,0.008312364108860493,0.007305920589715242
76,0.00827022548764944,0.0072718532755970955
77,0.008228130638599396,0.007237917277961969
78,0.008186697028577328,0.007204550784081221
79,0.008145972155034542,0.00717157730832696
80,0.008105533197522163,0.00713922455906868
81,0.008065404370427132,0.007107350509613752
82,0.00802567694336176,0.007076067849993706
83,0.007986449636518955,0.007045111618936062
84,0.007947655394673347,0.0070145926438272
85,0.00790924672037363,0.00698472373187542
86,0.007871529087424278,0.006955468095839024
87,0.007834557443857193,0.006926855072379112
88,0.007798445411026478,0.006898721680045128
89,0.00776312593370676,0.006871259771287441
90,0.007728269323706627,0.006844349205493927
91,0.007693747989833355,0.006817948073148727
92,0.007659613620489836,0.006792102474719286
93,0.007626004051417112,0.006766823586076498
94,0.0075931730680167675,0.006742177531123161
95,0.00756087526679039,0.006718025077134371
96,0.007529109250754118,0.006694336421787739
97,0.007497833110392094,0.00667119026184082
98,0.007466787938028574,0.006648487877100706
99,0.007436051499098539,0.006626100745052099
100,0.007405666634440422,0.006604047957807779
101,0.007375596556812525,0.006582349073141813
102,0.00734594464302063,0.006561046000570059
103,0.007316726725548506,0.006540023721754551
104,0.007287995424121618,0.006519364193081856
105,0.007259662263095379,0.006498927716165781
106,0.0072317710146307945,0.006478965748101473
107,0.007204368244856596,0.006459169555455446
108,0.007177470717579126,0.006439754739403725
109,0.007150971796363592,0.006420564837753773
110,0.007124856114387512,0.006401519291102886
111,0.007099102716892958,0.006382714956998825
112,0.007073729764670134,0.0063639250583946705
113,0.007048624102026224,0.006345292087644339
114,0.007023753132671118,0.006326611619442701
115,0.006999042816460133,0.006308030337095261
116,0.006974467542022467,0.006289507262408733
117,0.006949963513761759,0.006270984653383493
118,0.006925500463694334,0.006252426654100418
119,0.006901044864207506,0.0062338379211723804
120,0.006876569241285324,0.006215199828147888
121,0.0068520247004926205,0.0061965566128492355
122,0.006827378645539284,0.006177959498018026
123,0.006802638992667198,0.006159202195703983
124,0.006777731701731682,0.006140472833067179
125,0.00675266794860363,0.006121565587818623
126,0.006727405823767185,0.006102600134909153
127,0.006701960228383541,0.006083569955080748
128,0.006676315329968929,0.006064407527446747
129,0.006650424562394619,0.006045220885425806
130,0.006624283734709024,0.006025881506502628
131,0.00659785233438015,0.006006391253322363
132,0.006571139208972454,0.005986850708723068
133,0.006544178817421198,0.005967131350189447
134,0.006516960449516773,0.005947262514382601
135,0.006489437539130449,0.005927272140979767
136,0.006461624056100845,0.005907002836465836
137,0.006433534435927868,0.005886647384613752
138,0.006405118852853775,0.005866284016519785
139,0.0063765705563127995,0.005845600739121437
140,0.006347977556288242,0.005824764259159565
141,0.006319321226328611,0.005803829524666071
142,0.006290819495916367,0.005783035885542631
143,0.006262688897550106,0.005762186367064714
144,0.006234999280422926,0.0057415165938436985
145,0.006207960657775402,0.005721083376556635
146,0.006181642413139343,0.005700999870896339
147,0.00615614652633667,0.005681291222572327
148,0.006131516303867102,0.005662113893777132
149,0.006107792723923922,0.005643458105623722
150,0.006085080094635487,0.005625224206596613
151,0.0060633523389697075,0.00560755655169487
152,0.006042643450200558,0.005590383429080248
153,0.0060229054652154446,0.005573607049882412
154,0.006004091817885637,0.005557327065616846
155,0.005986152216792107,0.005541548132896423
156,0.0059690107591450214,0.005526264198124409
157,0.005952599924057722,0.005511448252946138
158,0.005936870351433754,0.005497083067893982
159,0.005921727512031794,0.005483199842274189
160,0.005907158832997084,0.005469752475619316
161,0.005893093068152666,0.005456637125462294
162,0.005879475735127926,0.00544386962428689
163,0.0058662788942456245,0.005431493278592825
164,0.005853408016264439,0.005419174674898386
165,0.005840802565217018,0.005407015793025494
166,0.005828346591442823,0.005394364707171917
167,0.005815661046653986,0.005380531772971153
168,0.0058018965646624565,0.005363223608583212
169,0.005787015426903963,0.00534593453630805
170,0.005772789940237999,0.005334917921572924
171,0.005760010331869125,0.005325315985828638
172,0.005748100578784943,0.0053147850558161736
173,0.0057365782558918,0.005303911864757538
174,0.005725407041609287,0.005293228197842836
175,0.005714557599276304,0.005282965023070574
176,0.005704046227037907,0.00527305668219924
177,0.005693836137652397,0.005263466387987137
178,0.0056839571334421635,0.005253964569419622
179,0.00567434448748827,0.005244667641818523
180,0.0056649865582585335,0.0052357809618115425
181,0.005655935034155846,0.0052270907908678055
182,0.005647114012390375,0.005218832287937403
183,0.005638571456074715,0.005210683215409517
184,0.0056302365846931934,0.005202737171202898
185,0.0056221275590360165,0.005195113830268383
186,0.005614289548248053,0.00518760597333312
187,0.005606643855571747,0.005180357955396175
188,0.005599210504442453,0.005173285026103258
189,0.005591944791376591,0.005166442133486271
190,0.005584923084825277,0.005159732419997454
191,0.005578076932579279,0.005153401754796505
192,0.00557146267965436,0.0051469276659190655
193,0.005564983934164047,0.005140881985425949
194,0.005558699369430542,0.005135018844157457
195,0.005552590359002352,0.005129301454871893
196,0.005546651314944029,0.005123735871165991
197,0.005540842656046152,0.005118289962410927
198,0.005535196512937546,0.0051130251958966255
199,0.005529684480279684,0.0051079788245260715
200,0.005524350795894861,0.005102919414639473
201,0.005519133992493153,0.005098152905702591
202,0.005514055024832487,0.005093473941087723
203,0.005509121809154749,0.0050888871774077415
204,0.005504307337105274,0.005084467586129904
205,0.005499608349055052,0.0050801984034478664
206,0.005495027173310518,0.0050760237500071526
207,0.00549057312309742,0.00507200974971056
208,0.005486206151545048,0.005068047903478146
209,0.005481958854943514,0.005064173135906458
210,0.005477795377373695,0.005060483235865831
211,0.005473730154335499,0.005056794732809067
212,0.005469764117151499,0.005053245462477207
213,0.005465897731482983,0.005049779079854488
214,0.005462137516587973,0.005046382546424866
215,0.005458439234644175,0.005042996723204851
216,0.0054548392072319984,0.005039846990257502
217,0.005451316945254803,0.005036740098148584
218,0.005447879899293184,0.005033627152442932
219,0.005444508511573076,0.005030567292124033
220,0.005441202316433191,0.00502769136801362
221,0.005437986459583044,0.005024952348321676
222,0.005434839986264706,0.00502202520146966
223,0.005431772209703922,0.0050193448550999165
224,0.005428743083029985,0.005016712937504053
225,0.005425796378403902,0.005014040041714907
226,0.005422917194664478,0.00501145888119936
227,0.0054200878366827965,0.005008945241570473
228,0.0054173278622329235,0.005006616003811359
229,0.0054146284237504005,0.005004224833101034
230,0.005411979742348194,0.005001844838261604
231,0.005409385077655315,0.004999532829970121
232,0.00540681928396225,0.004997446667402983
233,0.005404357332736254,0.0049951206892728806
234,0.005401893984526396,0.004992992617189884
235,0.005399498622864485,0.0049909427762031555
236,0.005397152621299028,0.004988827742636204
237,0.0053948573768138885,0.004986822139471769
238,0.0053925905376672745,0.004984886385500431
239,0.005390393082052469,0.004982956685125828
240,0.005388222169131041,0.004981029778718948
241,0.005386113654822111,0.004979158751666546
242,0.005384022835642099,0.004977400414645672
243,0.00538197997957468,0.004975569434463978
244,0.005379954352974892,0.004973879083991051
245,0.00537798972800374,0.00497206998988986
246,0.0053760576993227005,0.004970368463546038
247,0.005374150350689888,0.0049687717109918594
248,0.005372285842895508,0.004967129323631525
249,0.0053704543970525265,0.004965554922819138
250,0.005368651356548071,0.0049639735370874405
251,0.005366877652704716,0.004962416831403971
252,0.005365137942135334,0.004960875958204269
253,0.0053634331561625,0.004959332291036844
254,0.005361744202673435,0.004957879427820444
255,0.00536009157076478,0.004956478718668222
256,0.005358465947210789,0.004955212585628033
257,0.005356874782592058,0.004953854717314243
258,0.005355296190828085,0.004952415823936462
259,0.005353715270757675,0.004951287526637316
260,0.005352201871573925,0.0049501326866447926
261,0.005350702907890081,0.004948749672621489
262,0.005349187646061182,0.004947595298290253
263,0.005347713362425566,0.004946467000991106
264,0.00534625630825758,0.004945287015289068
265,0.005344823934137821,0.0049439980648458
266,0.005343415774405003,0.00494285486638546
267,0.0053420402109622955,0.004941658116877079
268,0.0053406767547130585,0.004940510727465153
269,0.005339319352060556,0.004939288832247257
270,0.005337984766811132,0.004938172176480293
271,0.005336682312190533,0.004937050864100456
272,0.005335401277989149,0.004935982171446085
273,0.005334130488336086,0.004934874828904867
274,0.005332863889634609,0.004933743271976709
275,0.0053315963596105576,0.0049327583983540535
276,0.005330380517989397,0.004931670613586903
277,0.005329173989593983,0.00493053812533617
278,0.005327968392521143,0.004929437767714262
279,0.005326784681528807,0.004928423557430506
280,0.005325612146407366,0.004927548114210367
281,0.005324459634721279,0.004926573485136032
282,0.005323333665728569,0.004925418645143509
283,0.005322177428752184,0.004924471955746412
284,0.005321061238646507,0.0049235220067203045
285,0.005319948773831129,0.004922571126371622
286,0.0053188675083220005,0.004921510815620422
287,0.005317780189216137,0.004920613951981068
288,0.005316713359206915,0.004919656552374363
289,0.005315669346600771,0.004918769001960754
290,0.005314606707543135,0.0049177976325154305
291,0.0053135729394853115,0.004916924983263016
292,0.005312567576766014,0.004915955942124128
293,0.005311533808708191,0.004915106110274792
294,0.005310517270117998,0.00491418968886137
295,0.0053095282055437565,0.004913161508738995
296,0.00530847767367959,0.004912257194519043
297,0.005307445302605629,0.004911211784929037
298,0.005306405946612358,0.0049104634672403336
299,0.005305393133312464,0.0049094995483756065
300,0.005304411053657532,0.004908442962914705
301,0.005303333979099989,0.004907470662146807
302,0.0053022769279778,0.004906387068331242
303,0.0053011891432106495,0.004905302077531815
304,0.005300113465636969,0.004904304631054401
305,0.005299028940498829,0.004903169348835945
306,0.0052979327738285065,0.004901951644569635
307,0.005296804942190647,0.004900881089270115
308,0.005295725539326668,0.004899926483631134
309,0.005294640548527241,0.004899036139249802
310,0.005293623078614473,0.004897806327790022
311,0.00529254786670208,0.004896742291748524
312,0.005291495937854052,0.004895794205367565
313,0.005290467757731676,0.004894912242889404
314,0.00528948986902833,0.004893882665783167
315,0.00528846587985754,0.004892932251095772
316,0.005287451669573784,0.0048920828849077225
317,0.005286483559757471,0.00489104213193059
318,0.005285474006086588,0.004890226759016514
319,0.005284510087221861,0.004889135714620352
320,0.005283528007566929,0.0048883045092225075
321,0.005282612517476082,0.004887409508228302
322,0.005281644407659769,0.0048866914585232735
323,0.005280741490423679,0.004885666072368622
324,0.005279806908220053,0.004884918686002493
325,0.005278926808387041,0.004884031601250172
326,0.005277993623167276,0.004883183166384697
327,0.005277090240269899,0.004882369190454483
328,0.0052762264385819435,0.004881470464169979
329,0.005275339353829622,0.004880719352513552
330,0.005274484399706125,0.004880000837147236
331,0.005273589864373207,0.004879232961684465
332,0.005272772163152695,0.004878448322415352
333,0.0052719335071742535,0.004877803847193718
334,0.00527108833193779,0.004876916762441397
335,0.005270259454846382,0.0048763141967356205
336,0.005269438028335571,0.004875487182289362
337,0.005268607754260302,0.00487476447597146
338,0.0052678268402814865,0.004874056670814753
339,0.005267005413770676,0.004873299039900303
340,0.005266226828098297,0.004872477147728205
341,0.005265408661216497,0.004871975164860487
342,0.005264635197818279,0.004871206823736429
343,0.005263840314000845,0.004870474338531494
344,0.005263079423457384,0.004869779106229544
345,0.005262321326881647,0.004869160708039999
346,0.0052615320309996605,0.004868370480835438
347,0.005260766018182039,0.00486770598217845
348,0.005260011646896601,0.00486717838793993
349,0.00525925075635314,0.004866408184170723
350,0.005258521065115929,0.004865707363933325
351,0.005257764831185341,0.00486514950171113
352,0.005257031414657831,0.004864437971264124
353,0.005256288684904575,0.004863743204623461
354,0.005255550611764193,0.004863173235207796
355,0.005254826974123716,0.004862511996179819
356,0.005254130810499191,0.004861732013523579
357,0.005253387149423361,0.004861291963607073
358,0.005252679344266653,0.004860583692789078
359,0.005251938011497259,0.004859802778810263
360,0.005251212511211634,0.004859336651861668
361,0.005250553600490093,0.004858578089624643
362,0.005249843467026949,0.004858070518821478
363,0.0052491421811282635,0.004857505206018686
364,0.005248470231890678,0.004856794606894255
365,0.005247770808637142,0.004856169689446688
366,0.005247033201158047,0.004855502396821976
367,0.005246360320597887,0.004854972939938307
368,0.005245712120085955,0.004854358267039061
369,0.005245022010058165,0.004853880498558283
370,0.005244357977062464,0.004853132646530867
371,0.005243660416454077,0.004852439742535353
372,0.005242953076958656,0.004851796198636293
373,0.005242276471108198,0.004851314704865217
374,0.0052416143007576466,0.0048507219180464745
375,0.005240948870778084,0.0048500304110348225
376,0.005240288097411394,0.004849333316087723
377,0.005239596590399742,0.00484880106523633
378,0.005238903220742941,0.0048482888378202915
379,0.005238291807472706,0.004847756586968899
380,0.005237622186541557,0.004846998956054449
381,0.005236945580691099,0.004846441559493542
382,0.005236278288066387,0.00484595587477088
383,0.005235670600086451,0.004845378454774618
384,0.00523496326059103,0.004844759590923786
385,0.005234352312982082,0.004844094626605511
386,0.005233675707131624,0.0048435768112540245
387,0.005233032163232565,0.004842986352741718
388,0.005232346244156361,0.0048424480482935905
389,0.005231718998402357,0.0048418790102005005
390,0.005231054965406656,0.004841255955398083
391,0.005230444949120283,0.004840715788304806
392,0.0052297888323664665,0.004840066656470299
393,0.00522913783788681,0.004839581437408924
394,0.005228495225310326,0.004838895983994007
395,0.005227860063314438,0.004838226363062859
396,0.005227185785770416,0.004837735556066036
397,0.005226568318903446,0.004837079904973507
398,0.005225928965955973,0.004836514592170715
399,0.005225283559411764,0.004835811443626881
400,0.005224654451012611,0.0048352754674851894
401,0.005223982036113739,0.004834689665585756
402,0.005223368760198355,0.004834213759750128
403,0.005222722887992859,0.004833587910979986
404,0.005222099833190441,0.004833017010241747
405,0.005221451632678509,0.004832528531551361
406,0.0052208066917955875,0.004831890109926462
407,0.005220192950218916,0.004831427242606878
408,0.00521950563415885,0.004830887075513601
409,0.005218924023211002,0.00483046006411314
410,0.0052182977087795734,0.004829871002584696
411,0.005217642989009619,0.0048293303698301315
412,0.005217027850449085,0.004828744102269411
413,0.0052163624204695225,0.004828156437724829
414,0.005215747281908989,0.004827635362744331
415,0.005215114448219538,0.004826898220926523
416,0.0052144587971270084,0.004826510790735483
417,0.005213820841163397,0.004826050717383623
418,0.005213187076151371,0.00482533872127533
419,0.005212560296058655,0.0048248241655528545
420,0.0052119167521595955,0.00482408469542861
421,0.00521130533888936,0.004823776893317699
422,0.0052106985822319984,0.004822967574000359
423,0.005210026167333126,0.004822399001568556
424,0.005209408234804869,0.00482199527323246
425,0.00520878192037344,0.0048212590627372265
426,0.005208146292716265,0.004820672329515219
427,0.005207482259720564,0.004820086527615786
428,0.005206898786127567,0.004819490481168032
429,0.005206248257309198,0.004818919580429792
430,0.005205660592764616,0.004818285815417767
431,0.005204998422414064,0.00481781642884016
432,0.005204405169934034,0.004817227832973003
433,0.005203782580792904,0.004816645290702581
434,0.005203100852668285,0.004815956111997366
435,0.005202500615268946,0.004815316293388605
436,0.005201824940741062,0.004814860876649618
437,0.005201210733503103,0.004814128391444683
438,0.005200586281716824,0.004813574720174074
439,0.005199952516704798,0.0048131188377738
440,0.005199316423386335,0.004812592174857855
441,0.0051987008191645145,0.004811807535588741
442,0.0051980093121528625,0.004811481572687626
443,0.005197393707931042,0.004810865502804518
444,0.005196788813918829,0.004810369107872248
445,0.005196103826165199,0.004809967242181301
446,0.005195514298975468,0.004809333477169275
447,0.005194877274334431,0.004808823112398386
448,0.005194232799112797,0.004808356985449791
449,0.005193597637116909,0.004807779099792242
450,0.005192962475121021,0.004807263612747192
451,0.005192312877625227,0.0048066978342831135
452,0.005191653501242399,0.004806168377399445
453,0.00519103417173028,0.004805740434676409
454,0.005190377123653889,0.004805099219083786
455,0.005189691670238972,0.004804594442248344
456,0.005189036019146442,0.004803990945219994
457,0.005188381299376488,0.004803523421287537
458,0.005187752190977335,0.004802914801985025
459,0.0051870765164494514,0.0048025669530034065
460,0.005186485126614571,0.004801703151315451
461,0.00518577778711915,0.004801184870302677
462,0.005185149610042572,0.004800551105290651
463,0.00518446508795023,0.004799875896424055
464,0.005183830391615629,0.004799230955541134
465,0.005183155182749033,0.004798559937626123
466,0.005182506050914526,0.0047980137169361115
467,0.00518184807151556,0.004797569941729307
468,0.005181268788874149,0.004796839319169521
469,0.005180539563298225,0.004796133376657963
470,0.005179898347705603,0.004795425105839968
471,0.005179231055080891,0.004794924985617399
472,0.005178569816052914,0.004794221371412277
473,0.00517793744802475,0.004793573636561632
474,0.005177261307835579,0.004793053492903709
475,0.005176652688533068,0.0047924150712788105
476,0.005175968166440725,0.004791740793734789
477,0.00517531530931592,0.004791114013642073
478,0.005174660123884678,0.004790462087839842
479,0.0051740119233727455,0.004789839033037424
480,0.005173370707780123,0.0047891284339129925
481,0.005172678269445896,0.004788526333868504
482,0.005172060802578926,0.004787888843566179
483,0.0051713986322283745,0.0047873943112790585
484,0.005170776043087244,0.004786698613315821
485,0.005170110147446394,0.004786178935319185
486,0.005169471725821495,0.0047854832373559475
487,0.005168804433196783,0.004784703254699707
488,0.005168163683265448,0.004784188233315945
489,0.0051674856804311275,0.004783541429787874
490,0.0051668426021933556,0.004782822914421558
491,0.005166193004697561,0.0047822799533605576
492,0.005165583919733763,0.004781517665833235
493,0.005164881702512503,0.004780963063240051
494,0.0051642670296132565,0.004780149552971125
495,0.005163572262972593,0.004779692739248276
496,0.005162959452718496,0.0047791823744773865
497,0.005162338260561228,0.004778249654918909
498,0.005161668173968792,0.004777966532856226
499,0.0051610651426017284,0.004777111113071442
500,0.005160355940461159,0.004776569548994303
501,0.005159709136933088,0.0047760410234332085
502,0.005159082356840372,0.004775385372340679
503,0.0051584066823124886,0.004774684552103281
504,0.005157728213816881,0.004774204455316067
505,0.005157106090337038,0.004773444030433893
506,0.005156436003744602,0.004772735759615898
507,0.0051557645201683044,0.004772279877215624
508,0.005155127961188555,0.004771626088768244
509,0.005154493264853954,0.004770861007273197
510,0.005153837613761425,0.00477046612650156
511,0.005153210833668709,0.004769913852214813
512,0.005152565892785788,0.004769148770719767
513,0.005151888355612755,0.004768639337271452
514,0.0051513053476810455,0.00476784398779273
515,0.005150579381734133,0.004767328966408968
516,0.005149989388883114,0.004766544327139854
517,0.005149306729435921,0.00476596737280488
518,0.005148653406649828,0.004765302408486605
519,0.005148029420524836,0.00476460438221693
520,0.005147325806319714,0.004763991106301546
521,0.005146682262420654,0.004763334058225155
522,0.00514605175703764,0.004762756172567606
523,0.0051454161293804646,0.004762203898280859
524,0.005144769325852394,0.004761539865285158
525,0.005144156981259584,0.00476085627451539
526,0.005143481772392988,0.004760367330163717
527,0.005142868962138891,0.0047597517259418964
528,0.005142190959304571,0.004759120289236307
529,0.005141566973179579,0.004758509341627359
530,0.005140929017215967,0.004758006893098354
531,0.005140306428074837,0.004757463466376066
532,0.0051396992057561874,0.004756746347993612
533,0.0051390076987445354,0.004756221082061529
534,0.00513838604092598,0.004755663685500622
535,0.005137767177075148,0.004755168221890926
536,0.005137167405337095,0.00475444458425045
537,0.0051365261897444725,0.004753907211124897
538,0.005135921761393547,0.004753284156322479
539,0.005135250743478537,0.004752791952341795
540,0.005134651903063059,0.004752340726554394
541,0.00513407913967967,0.004751723259687424
542,0.005133437924087048,0.004751128144562244
543,0.005132810212671757,0.004750607535243034
544,0.005132220219820738,0.004750126972794533
545,0.005131622310727835,0.004749333020299673
546,0.005130932666361332,0.004748902283608913
547,0.005130377132445574,0.004748248960822821
548,0.005129757337272167,0.0047478023916482925
549,0.005129153840243816,0.004747193772345781
550,0.005128550808876753,0.004746689461171627
551,0.005127942655235529,0.004746164195239544
552,0.005127361975610256,0.0047455644235014915
553,0.005126774776726961,0.004745033103972673
554,0.005126152653247118,0.004744605626910925
555,0.0051255435682833195,0.0047440906055271626
556,0.00512499688193202,0.004743468947708607
557,0.005124385003000498,0.004742942284792662
558,0.005123767536133528,0.004742512013763189
559,0.0051232087425887585,0.004741843324154615
560,0.005122622940689325,0.004741235636174679
561,0.005122034344822168,0.004740806296467781
562,0.005121518392115831,0.0047402032651007175
563,0.005120884161442518,0.004739843774586916
564,0.005120334215462208,0.004739044699817896
565,0.005119717214256525,0.0047388095408678055
566,0.005119166802614927,0.004738166928291321
567,0.005118603818118572,0.0047376882284879684
568,0.005118046887218952,0.00473741814494133
569,0.0051175267435610294,0.0047367834486067295
570,0.005116969812661409,0.004736283794045448
571,0.005116400308907032,0.004735927097499371
572,0.00511584710329771,0.004735266789793968
573,0.005115252919495106,0.0047348299995064735
574,0.005114734172821045,0.0047343457117676735
575,0.005114200059324503,0.004733745474368334
576,0.005113633815199137,0.004733555484563112
577,0.0051131825894117355,0.004733132664114237
578,0.005112668965011835,0.004732500296086073
579,0.00511206453666091,0.004732131492346525
580,0.00511156814172864,0.0047316416166722775
581,0.005111075472086668,0.004731114488095045
582,0.005110513418912888,0.004730800166726112
583,0.005110037513077259,0.0047302511520683765
584,0.0051095252856612206,0.004729907959699631
585,0.005109050311148167,0.004729472566395998
586,0.0051085371524095535,0.00472899479791522
587,0.0051080347038805485,0.004728506784886122
588,0.005107559263706207,0.00472813518717885
589,0.005107033997774124,0.004727722145617008
590,0.005106574390083551,0.004727228078991175
591,0.00510610593482852,0.004726774524897337
592,0.005105572286993265,0.004726327955722809
593,0.005105087999254465,0.004725957754999399
594,0.005104649346321821,0.0047254376113414764
595,0.00510418089106679,0.004725059028714895
596,0.005103691481053829,0.0047248057089746
597,0.0051032621413469315,0.004724445287138224
598,0.005102831870317459,0.004723868798464537
599,0.0051023224368691444,0.004723602440208197
600,0.005101876333355904,0.004723202437162399
601,0.005101412069052458,0.004722585901618004
602,0.005100925453007221,0.004722161218523979
603,0.005100457463413477,0.004721895791590214
604,0.005100019741803408,0.004721370059996843
605,0.005099570378661156,0.004721054341644049
606,0.005099168978631496,0.004720797762274742
607,0.005098720546811819,0.004720286466181278
608,0.005098280496895313,0.004719823133200407
609,0.005097851622849703,0.004719606600701809
610,0.0050974320620298386,0.004719246178865433
611,0.005097024608403444,0.004718604031950235
612,0.00509653240442276,0.004718551877886057
613,0.0050961640663445,0.004718151409178972
614,0.0050957384519279,0.004717719741165638
615,0.005095371510833502,0.004717319272458553
616,0.005094913300126791,0.004716965835541487
617,0.005094485357403755,0.004716529045253992
618,0.005094114691019058,0.004716137424111366
619,0.005093671847134829,0.004715910647064447
620,0.005093250889331102,0.004715472925454378
621,0.005092890001833439,0.004715008195489645
622,0.0050924550741910934,0.004714828450232744
623,0.005092111881822348,0.004714369773864746
624,0.005091672297567129,0.004714024718850851
625,0.005091295577585697,0.004713729955255985
626,0.005090946797281504,0.004713301081210375
627,0.005090502556413412,0.00471307709813118
628,0.005090111400932074,0.004712529014796019
629,0.0050897542387247086,0.004712245427072048
630,0.005089361686259508,0.004711866844445467
631,0.0050889672711491585,0.00471159303560853
632,0.005088608246296644,0.004711205139756203
633,0.005088233854621649,0.004710817243903875
634,0.005087881349027157,0.0047106691636145115
635,0.005087514873594046,0.004710101988166571
636,0.005087098106741905,0.004709793254733086
637,0.005086800549179316,0.004709724336862564
638,0.005086449906229973,0.004709269385784864
639,0.00508609414100647,0.0047089154832065105
640,0.005085671320557594,0.004708562977612019
641,0.005085334647446871,0.0047084009274840355
642,0.005085008684545755,0.0047080665826797485
643,0.0050846971571445465,0.004707464016973972
644,0.005084262695163488,0.00470718601718545
645,0.005083899945020676,0.004707019776105881
646,0.00508356187492609,0.004706679377704859
647,0.005083218216896057,0.004706261679530144
648,0.00508284755051136,0.00470589566975832
649,0.005082475952804089,0.004705649800598621
650,0.005082186311483383,0.0047052535228431225
651,0.005081832408905029,0.00470510171726346
652,0.005081535317003727,0.00470470916479826
653,0.0050811851397156715,0.004704528022557497
654,0.005080873612314463,0.004704183898866177
655,0.0050804875791072845,0.0047037904150784016
656,0.005080181173980236,0.004703592509031296
657,0.0050798458978533745,0.004703204147517681
658,0.005079512018710375,0.0047029657289385796
659,0.005079227965325117,0.0047026644460856915
660,0.005078885238617659,0.0047021242789924145
661,0.005078521557152271,0.004701968748122454
662,0.005078217014670372,0.004701603669673204
663,0.005077892914414406,0.004701374098658562
664,0.00507759302854538,0.004700866993516684
665,0.005077197216451168,0.004700725432485342
666,0.0050769527442753315,0.0047004129737615585
667,0.005076635163277388,0.004700054880231619
668,0.005076282657682896,0.00469982111826539
669,0.005075957626104355,0.004699578508734703
670,0.005075656343251467,0.004699407611042261
671,0.005075381603091955,0.004698909819126129
672,0.005075006280094385,0.004698580596596003
673,0.005074641201645136,0.004698179662227631
674,0.00507432920858264,0.004697876982390881
675,0.005074059125036001,0.004697768948972225
676,0.005073791369795799,0.004697433672845364
677,0.005073445849120617,0.004697108641266823
678,0.005073133856058121,0.004696780350059271
679,0.005072826519608498,0.004696564748883247
680,0.005072538275271654,0.004696228541433811
681,0.00507222069427371,0.0046958159655332565
682,0.005071906838566065,0.004695459268987179
683,0.005071551073342562,0.004695168696343899
684,0.005071272607892752,0.004695008508861065
685,0.005071007646620274,0.004694645758718252
686,0.005070675164461136,0.004694361239671707
687,0.00507038040086627,0.004693899769335985
688,0.0050700330175459385,0.00469370000064373
689,0.005069770850241184,0.004693455994129181
690,0.0050694639794528484,0.004693228285759687
691,0.005069197155535221,0.004692883230745792
692,0.005068845581263304,0.004692581482231617
693,0.00506859365850687,0.0046922508627176285
694,0.005068290047347546,0.0046919952146708965
695,0.005068005993962288,0.004691730253398418
696,0.005067718215286732,0.004691376816481352
697,0.005067390389740467,0.004691011738032103
698,0.005067081656306982,0.0046908240765333176
699,0.005066773388534784,0.0046906075440347195
700,0.005066534038633108,0.004690366797149181
701,0.005066228099167347,0.004689848516136408
702,0.00506586255505681,0.004689605440944433
703,0.005065614823251963,0.004689457360655069
704,0.0050653498619794846,0.004689136520028114
705,0.005065078381448984,0.004688797984272242
706,0.005064815748482943,0.0046884361654520035
707,0.005064473021775484,0.004688147455453873
708,0.005064177792519331,0.00468804407864809
709,0.00506389606744051,0.0046876296401023865
710,0.0050635975785553455,0.004687228240072727
711,0.005063315853476524,0.004687163513153791
712,0.005063018295913935,0.004686772357672453
713,0.005062710959464312,0.004686453379690647
714,0.005062446463853121,0.004686190281063318
715,0.005062147509306669,0.004685822408646345
716,0.00506187416613102,0.004685583058744669
717,0.005061620380729437,0.004685273859649897
718,0.005061279516667128,0.0046848091296851635
719,0.0050609782338142395,0.004684657324105501
720,0.0050607118755578995,0.004684231244027615
721,0.005060387309640646,0.004684276878833771
722,0.005060167983174324,0.004683915060013533
723,0.005059908144176006,0.004683498293161392
724,0.005059630610048771,0.004683187697082758
725,0.005059350281953812,0.004682997707277536
726,0.005059059243649244,0.0046827588230371475
727,0.005058778449892998,0.0046822065487504005
728,0.005058469716459513,0.004682005383074284
729,0.0050582061521708965,0.004681729711592197
730,0.005057959817349911,0.004681573249399662
731,0.0050576734356582165,0.004681182559579611
732,0.0050573572516441345,0.004680776037275791
733,0.005057080183178186,0.004680515732616186
734,0.005056793335825205,0.004680306185036898
735,0.005056513007730246,0.004680025391280651
736,0.005056295078247786,0.004679644014686346
737,0.005055997520685196,0.004679517354816198
738,0.005055742338299751,0.004679256584495306
739,0.005055499728769064,0.004678821656852961
740,0.005055180285125971,0.004678521770983934
741,0.005054947920143604,0.004678415600210428
742,0.005054729524999857,0.004677918739616871
743,0.005054410547018051,0.004677657037973404
744,0.005054172594100237,0.0046774111688137054
745,0.0050538768991827965,0.004677139688283205
746,0.005053644999861717,0.004676831420511007
747,0.005053375381976366,0.004676605109125376
748,0.005053146276623011,0.004676413722336292
749,0.005052901804447174,0.004676139913499355
750,0.005052616354078054,0.0046758465468883514
751,0.005052356049418449,0.00467568077147007
752,0.005052168853580952,0.004675603937357664
753,0.005051972344517708,0.004675209987908602
754,0.005051704589277506,0.004675047006458044
755,0.005051474552601576,0.0046747284941375256
756,0.005051155108958483,0.004674449563026428
757,0.005050913896411657,0.004674161318689585
758,0.005050642415881157,0.004673818126320839
759,0.005050393287092447,0.004673411138355732
760,0.005050129722803831,0.004673251416534185
761,0.005049911327660084,0.004672953858971596
762,0.0050496323965489864,0.004672667942941189
763,0.005049359519034624,0.0046724071726202965
764,0.00504910945892334,0.004672137089073658
765,0.005048880819231272,0.004671934060752392
766,0.005048663821071386,0.004671645816415548
767,0.005048439372330904,0.00467142928391695
768,0.005048179998993874,0.004671044182032347
769,0.0050479271449148655,0.004670791327953339
770,0.005047658924013376,0.004670470952987671
771,0.005047407932579517,0.004670282825827599
772,0.005047186277806759,0.004670171532779932
773,0.005047005135565996,0.00467004394158721
774,0.00504680722951889,0.004669696558266878
775,0.005046558100730181,0.004669494461268187
776,0.005046355538070202,0.00466922577470541
777,0.005046093836426735,0.0046690101735293865
778,0.00504586985334754,0.004668749403208494
779,0.005045656114816666,0.004668630193918943
780,0.0050454228185117245,0.004668331705033779
781,0.005045234691351652,0.004668108187615871
782,0.0050450474955141544,0.0046678869985044
783,0.005044786725193262,0.004667575005441904
784,0.005044523626565933,0.004667183849960566
785,0.005044266581535339,0.0046670990996062756
786,0.005044080317020416,0.0046669780276715755
787,0.005043864715844393,0.004666650202125311
788,0.005043629091233015,0.004666156601160765
789,0.005043331999331713,0.004666054155677557
790,0.005043150391429663,0.004665868356823921
791,0.0050429608672857285,0.0046656494960188866
792,0.005042737815529108,0.004665420390665531
793,0.005042521748691797,0.0046652015298604965
794,0.0050423042848706245,0.004664978012442589
795,0.0050421287305653095,0.004664809443056583
796,0.005041901022195816,0.004664530977606773
797,0.0050416807644069195,0.0046642194502055645
798,0.0050414372235536575,0.004664117004722357
799,0.005041204858571291,0.0046637472696602345
800,0.005041014868766069,0.004663635045289993
801,0.0050408192910254,0.004663499537855387
802,0.005040613003075123,0.004663107451051474
803,0.005040423478931189,0.0046630133874714375
804,0.005040233489125967,0.004662810359150171
805,0.005040044896304607,0.00466262036934495
806,0.0050398120656609535,0.004662432242184877
807,0.0050396304577589035,0.004662248305976391
808,0.005039461888372898,0.004662152845412493
809,0.005039275623857975,0.004661858547478914
810,0.0050390795804560184,0.004661506041884422
811,0.005038843024522066,0.00466143898665905
812,0.005038653500378132,0.004661092069000006
813,0.0050384271889925,0.004660842940211296
814,0.005038234405219555,0.0046607027761638165
815,0.005038003902882338,0.0046605682000517845
816,0.005037793889641762,0.004660243634134531
817,0.005037608090788126,0.004660032223910093
818,0.005037399940192699,0.004659732803702354
819,0.005037190858274698,0.004659616854041815
820,0.005036994814872742,0.00465938588604331
821,0.005036815069615841,0.0046591684222221375
822,0.005036624148488045,0.004659118130803108
823,0.005036463029682636,0.004658802412450314
824,0.005036279559135437,0.004658664111047983
825,0.005036104004830122,0.00465853326022625
826,0.005035911686718464,0.004658214747905731
827,0.005035727750509977,0.0046581244096159935
828,0.005035546608269215,0.004657781682908535
829,0.005035307724028826,0.004657680168747902
830,0.005035133566707373,0.004657598678022623
831,0.005034971050918102,0.004657304845750332
832,0.005034799221903086,0.004657183773815632
833,0.005034580361098051,0.004657031502574682
834,0.005034406203776598,0.004656825680285692
835,0.00503423111513257,0.004656515549868345
836,0.0050340695306658745,0.004656281787902117
837,0.005033839028328657,0.0046562692150473595
838,0.005033663008362055,0.004655918106436729
839,0.00503347534686327,0.004655849188566208
840,0.005033334717154503,0.0046554855071008205
841,0.005033127032220364,0.004655373282730579
842,0.005032962653785944,0.004655174911022186
843,0.0050327167846262455,0.004654896445572376
844,0.005032519344240427,0.0046548000536859035
845,0.00503235450014472,0.004654729273170233
846,0.0050321961753070354,0.004654449410736561
847,0.005032012239098549,0.004654238000512123
848,0.005031888838857412,0.004654281307011843
849,0.0050317468121647835,0.004654075484722853
850,0.005031604319810867,0.004653803072869778
851,0.005031354259699583,0.004653551150113344
852,0.005031154956668615,0.004653337877243757
853,0.005030980333685875,0.0046533080749213696
854,0.005030832719057798,0.00465316092595458
855,0.0050306906923651695,0.004652939271181822
856,0.005030530039221048,0.004652657546103001
857,0.00503033259883523,0.00465267663821578
858,0.0050301700830459595,0.004652444738894701
859,0.005029971711337566,0.004652187693864107
860,0.0050298236310482025,0.004651936236768961
861,0.005029632709920406,0.004651734605431557
862,0.005029462277889252,0.004651542287319899
863,0.005029299762099981,0.004651400726288557
864,0.005029164254665375,0.004651323892176151
865,0.00502898870036006,0.004651220981031656
866,0.005028886720538139,0.004651202820241451
867,0.005028775427490473,0.004650953691452742
868,0.00502858217805624,0.0046507734805345535
869,0.005028421990573406,0.004650675226002932
870,0.005028203595429659,0.004650266841053963
871,0.005028054118156433,0.004650143440812826
872,0.0050278534181416035,0.004650090355426073
873,0.005027718376368284,0.004649828188121319
874,0.005027518142014742,0.004649589769542217
875,0.00502737145870924,0.004649498499929905
876,0.005027249921113253,0.004649350419640541
877,0.005027090664952993,0.004649342503398657
878,0.005026953760534525,0.004649078939110041
879,0.005026764236390591,0.0046488749794662
880,0.005026573780924082,0.004648758098483086
881,0.005026433151215315,0.004648587666451931
882,0.005026265047490597,0.004648251459002495
883,0.005026073660701513,0.004648158326745033
884,0.005025961436331272,0.004648087080568075
885,0.005025813821703196,0.004647951573133469
886,0.005025672726333141,0.004647803492844105
887,0.005025519523769617,0.004647520370781422
888,0.005025319755077362,0.004647310823202133
889,0.005025142803788185,0.004647263325750828
890,0.005025020334869623,0.004647090099751949
891,0.005024928133934736,0.004646969959139824
892,0.005024732556194067,0.004646821413189173
893,0.005024546757340431,0.004646736197173595
894,0.0050244503654539585,0.004646585322916508
895,0.00502433255314827,0.0046465168707072735
896,0.005024198908358812,0.004646352492272854
897,0.005024027079343796,0.00464597949758172
898,0.00502387061715126,0.004645964130759239
899,0.005023706704378128,0.004645877052098513
900,0.005023576319217682,0.004645665176212788
901,0.00502342265099287,0.004645576700568199
902,0.005023275036364794,0.004645415581762791
903,0.0050231399945914745,0.004645346198230982
904,0.005023043602705002,0.004645086359232664
905,0.005022903438657522,0.004644976928830147
906,0.005022718571126461,0.004644773434847593
907,0.005022581201046705,0.004644677042961121
908,0.005022432189434767,0.004644487984478474
909,0.005022294819355011,0.004644463770091534
910,0.005022174678742886,0.00464439345523715
911,0.0050220428965985775,0.004644189961254597
912,0.005021934397518635,0.004643977154046297
913,0.005021720193326473,0.004643827676773071
914,0.005021571647375822,0.004643698688596487
915,0.0050214496441185474,0.004643627908080816
916,0.0050213756039738655,0.004643396474421024
917,0.005021198652684689,0.0046433075331151485
918,0.005021105986088514,0.004643190652132034
919,0.0050209518522024155,0.0046431077644228935
920,0.005020817741751671,0.00464298389852047
921,0.005020657554268837,0.00464274175465107
922,0.005020512267947197,0.0046425871551036835
923,0.005020396783947945,0.004642589017748833
924,0.005020291078835726,0.004642428830265999
925,0.005020151846110821,0.0046423389576375484
926,0.005020023323595524,0.00464211031794548
927,0.005019905045628548,0.004642103798687458
928,0.0050197783857584,0.0046419622376561165
929,0.005019634962081909,0.004642038140445948
930,0.005019537638872862,0.004641781561076641
931,0.005019370466470718,0.004641531500965357
932,0.005019214004278183,0.004641273990273476
933,0.005019082222133875,0.0046411617659032345
934,0.005018957424908876,0.004640922881662846
935,0.005018831230700016,0.004641016945242882
936,0.00501877348870039,0.00464099645614624
937,0.005018652882426977,0.004640915431082249
938,0.005018481519073248,0.004640539642423391
939,0.005018320865929127,0.0046403794549405575
940,0.005018156953155994,0.004640267696231604
941,0.005018042400479317,0.0046402523294091225
942,0.0050179362297058105,0.0046401252038776875
943,0.005017826333642006,0.004639965016394854
944,0.005017691757529974,0.00463982904329896
945,0.005017582792788744,0.004639717284590006
946,0.005017473362386227,0.004639582708477974
947,0.005017294082790613,0.004639423452317715
948,0.005017162766307592,0.004639309830963612
949,0.005017000250518322,0.0046392097137868404
950,0.005016921553760767,0.004638995509594679
951,0.005016851704567671,0.0046390206553041935
952,0.005016740411520004,0.0046388800255954266
953,0.0050166030414402485,0.004638776648789644
954,0.005016454495489597,0.004638622049242258
955,0.005016327369958162,0.004638622980564833
956,0.005016273353248835,0.004638577811419964
957,0.005016158800572157,0.004638442303985357
958,0.005016061011701822,0.0046382504515349865
959,0.005015925969928503,0.0046380809508264065
960,0.005015768576413393,0.004637886770069599
961,0.00501563586294651,0.004637804348021746
962,0.005015550181269646,0.004637674894183874
963,0.005015401169657707,0.004637629725039005
964,0.005015301052480936,0.004637463483959436
965,0.005015160888433456,0.004637328442186117
966,0.005015017930418253,0.004637099336832762
967,0.00501494575291872,0.00463706674054265
968,0.005014840513467789,0.0046370369382202625
969,0.005014745052903891,0.0046368855983018875
970,0.005014612339437008,0.004636795725673437
971,0.005014502909034491,0.004636458121240139
972,0.0050143590196967125,0.004636410623788834
973,0.005014241207391024,0.004636393394321203
974,0.005014112684875727,0.004636360332369804
975,0.005014019086956978,0.004636145196855068
976,0.005013927351683378,0.004636022727936506
977,0.0050138020887970924,0.004636089317500591
978,0.0050137038342654705,0.004635903052985668
979,0.005013612098991871,0.004635845776647329
980,0.005013523157685995,0.0046357642859220505
981,0.0050133876502513885,0.004635604564100504
982,0.005013267509639263,0.004635390359908342
983,0.005013150162994862,0.004635300021618605
984,0.005013043526560068,0.0046353149227797985
985,0.005012964829802513,0.0046352664940059185
986,0.005012884270399809,0.004635073710232973
987,0.0050127217546105385,0.004634934477508068
988,0.005012616980820894,0.004634884651750326
989,0.00501250522211194,0.004634703043848276
990,0.005012392997741699,0.004634413402527571
991,0.0050123222172260284,0.004634416662156582
992,0.005012236535549164,0.004634243436157703
993,0.005012155510485172,0.004634443670511246
994,0.00501204514876008,0.0046343146823346615
995,0.005011917557567358,0.004634061828255653
996,0.005011751316487789,0.004633978940546513
997,0.005011675413697958,0.004633903503417969
998,0.005011551082134247,0.004633712582290173
999,0.005011390428990126,0.004633473232388496
1000,0.0050113145262002945,0.004633408971130848
1001,0.00501120975241065,0.004633472301065922
1002,0.005011126399040222,0.004633384756743908
1003,0.005011049564927816,0.00463319756090641
1004,0.005010941531509161,0.004633213859051466
1005,0.005010844208300114,0.0046330108307302
1006,0.005010714288800955,0.004632924217730761
1007,0.0050105866976082325,0.004632811993360519
1008,0.0050104898400604725,0.004632610362023115
1009,0.005010396242141724,0.004632643423974514
1010,0.005010380409657955,0.004632554017007351
1011,0.005010275170207024,0.004632536321878433
1012,0.005010158754885197,0.004632393829524517
1013,0.005010026507079601,0.00463221175596118
1014,0.005009956192225218,0.004632110241800547
1015,0.005009888671338558,0.00463206646963954
1016,0.0050097741186618805,0.0046321917325258255
1017,0.005009704735130072,0.004631922114640474
1018,0.005009558983147144,0.00463182432577014
1019,0.0050094518810510635,0.0046317619271576405
1020,0.005009366665035486,0.00463157007470727
1021,0.005009293090552092,0.004631492774933577
1022,0.005009190645068884,0.004631472751498222
1023,0.005009102635085583,0.00463127950206399
1024,0.005009031854569912,0.004631298594176769
1025,0.005008981563150883,0.004631172865629196
1026,0.005008871201425791,0.004631152376532555
1027,0.005008791573345661,0.004631125833839178
1028,0.0050086770206689835,0.00463097682222724
1029,0.005008551757782698,0.0046307723969221115
1030,0.005008439999073744,0.004630534444004297
1031,0.005008340813219547,0.004630440846085548
1032,0.00500826071947813,0.004630493000149727
1033,0.005008190404623747,0.0046305786818265915
1034,0.0050080930814146996,0.0046303304843604565
1035,0.005007983651012182,0.004630307666957378
1036,0.0050079007633030415,0.004630171228200197
1037,0.005007824394851923,0.004630152136087418
1038,0.005007726605981588,0.004630012903362513
1039,0.005007625557482243,0.004629821050912142
1040,0.005007493309676647,0.004629695322364569
1041,0.005007436033338308,0.004629633855074644
1042,0.005007344298064709,0.004629727452993393
1043,0.0050072940066456795,0.004629615228623152
1044,0.005007217638194561,0.0046295421198010445
1045,0.005007138475775719,0.004629477858543396
1046,0.005007059313356876,0.0046293530613183975
1047,0.005006949417293072,0.004629361443221569
1048,0.005006890278309584,0.004629260394722223
1049,0.0050068143755197525,0.004629079252481461
1050,0.005006720777601004,0.004628960508853197
1051,0.005006643943488598,0.004628951195627451
1052,0.005006533581763506,0.004628822207450867
1053,0.005006424151360989,0.004628647584468126
1054,0.005006343591958284,0.004628507886081934
1055,0.005006261169910431,0.004628512542694807
1056,0.005006168968975544,0.004628519527614117
1057,0.005006134044378996,0.0046286508440971375
1058,0.005006075371056795,0.0046284813433885574
1059,0.005005985498428345,0.004628306720405817
1060,0.0050058565102517605,0.004628182854503393
1061,0.005005733575671911,0.004628046415746212
1062,0.005005677696317434,0.004628053400665522
1063,0.005005598068237305,0.004627975635230541
1064,0.005005532875657082,0.004627857822924852
1065,0.00500545185059309,0.004627810791134834
1066,0.0050054085440933704,0.004627883899956942
1067,0.005005308892577887,0.00462776655331254
1068,0.005005227867513895,0.00462760217487812
1069,0.005005139857530594,0.0046275402419269085
1070,0.0050050425343215466,0.004627377260476351
1071,0.005004961974918842,0.0046273148618638515
1072,0.0050048730336129665,0.004627165850251913
1073,0.00500478083267808,0.004627173766493797
1074,0.005004720762372017,0.004627124406397343
1075,0.005004673730581999,0.004627062939107418
1076,0.00500460434705019,0.0046270159073174
1077,0.005004544276744127,0.004626755136996508
1078,0.0050044734962284565,0.004626838024705648
1079,0.00500440364703536,0.00462687062099576
1080,0.0050043524242937565,0.004626775626093149
1081,0.005004245787858963,0.004626625683158636
1082,0.00500414427369833,0.004626543261110783
1083,0.005004077218472958,0.004626408219337463
1084,0.005004020407795906,0.0046263523399829865
1085,0.005003935657441616,0.004626377951353788
1086,0.005003863479942083,0.004626212175935507
1087,0.0050037577748298645,0.004626104142516851
1088,0.005003683269023895,0.004626265726983547
1089,0.005003614816814661,0.0046262252144515514
1090,0.005003593862056732,0.004626082722097635
1091,0.005003501661121845,0.004626023583114147
1092,0.005003422033041716,0.004625952336937189
1093,0.005003355443477631,0.004625887144356966
1094,0.005003306083381176,0.0046258000656962395
1095,0.005003227386623621,0.0046257320791482925
1096,0.005003156140446663,0.0046256291680037975
1097,0.005003076978027821,0.004625550005584955
1098,0.005003001540899277,0.004625472240149975
1099,0.005002931691706181,0.004625361412763596
1100,0.0050028725527226925,0.004625614266842604
1101,0.0050028469413518906,0.004625577013939619
1102,0.005002809222787619,0.004625437315553427
1103,0.005002709571272135,0.004625232424587011
1104,0.005002583842724562,0.004625165369361639
1105,0.005002494901418686,0.0046249013394117355
1106,0.00500238174572587,0.004624818451702595
1107,0.005002298858016729,0.004624818451702595
1108,0.005002273712307215,0.004624924622476101
1109,0.0050022234208881855,0.004624814260751009
1110,0.005002141464501619,0.004624693188816309
1111,0.005002071615308523,0.004624558612704277
1112,0.005001985467970371,0.004624573048204184
1113,0.0050019435584545135,0.004624479915946722
1114,0.005001881159842014,0.004624408204108477
1115,0.005001780577003956,0.004624348133802414
1116,0.005001727491617203,0.004624238237738609
1117,0.00500165019184351,0.004624159075319767
1118,0.005001557990908623,0.004624116234481335
1119,0.005001456011086702,0.0046241101808846
1120,0.005001438781619072,0.004624024033546448
1121,0.005001377779990435,0.004623836372047663
1122,0.005001285579055548,0.00462378840893507
1123,0.0050012352876365185,0.00462369853630662
1124,0.005001136101782322,0.0046236696653068066
1125,0.005001073237508535,0.004623563028872013
1126,0.005001024343073368,0.004623511806130409
1127,0.005000962410122156,0.0046235136687755585
1128,0.005000904202461243,0.004623476881533861
1129,0.005000869743525982,0.0046234168112277985
1130,0.005000805016607046,0.004623319488018751
1131,0.00500075425952673,0.004623334854841232
1132,0.005000688135623932,0.004623232875019312
1133,0.005000610835850239,0.004623225424438715
1134,0.005000545177608728,0.004623148124665022
1135,0.0050004650838673115,0.004622965585440397
1136,0.00500037707388401,0.004622901789844036
1137,0.0050003062933683395,0.004622779320925474
1138,0.00500025600194931,0.004622713662683964
1139,0.00500020245090127,0.0046226866543293
1140,0.005000121891498566,0.004622635897248983
1141,0.005000062752515078,0.004622611682862043
1142,0.005000036209821701,0.004622573498636484
1143,0.004999972879886627,0.004622545558959246
1144,0.004999843891710043,0.004622334614396095
1145,0.004999804310500622,0.004622477572411299
1146,0.004999793134629726,0.004622485022991896
1147,0.004999731667339802,0.004622315987944603
1148,0.004999645985662937,0.004622411914169788
1149,0.004999605473130941,0.004622335080057383
1150,0.004999529104679823,0.004622174426913261
1151,0.004999473225325346,0.004622056148946285
1152,0.004999402444809675,0.004621962551027536
1153,0.0049993377178907394,0.004621934611350298
1154,0.004999274387955666,0.004621813073754311
1155,0.004999187774956226,0.004621745552867651
1156,0.004999092780053616,0.004621689673513174
1157,0.004999030381441116,0.004621607717126608
1158,0.004998974036425352,0.004621601663529873
1159,0.0049989414401352406,0.004621588625013828
1160,0.004998883232474327,0.004621490836143494
1161,0.004998835269361734,0.004621380474418402
1162,0.004998763091862202,0.00462133064866066
1163,0.004998668096959591,0.004621250554919243
1164,0.0049986145459115505,0.004621240776032209
1165,0.004998581949621439,0.004621163941919804
1166,0.004998547490686178,0.004621312487870455
1167,0.0049984995275735855,0.004621367901563644
1168,0.004998458549380302,0.004621158353984356
1169,0.004998383112251759,0.004621155560016632
1170,0.004998365882784128,0.004621061030775309
1171,0.00499827740713954,0.004620994906872511
1172,0.004998206626623869,0.004620847757905722
1173,0.0049981228075921535,0.004620745312422514
1174,0.004998105112463236,0.004620647523552179
1175,0.004998041782528162,0.004620667081326246
1176,0.0049979835748672485,0.004620566964149475
1177,0.00499789509922266,0.004620526451617479
1178,0.004997832700610161,0.004620375577360392
1179,0.004997767973691225,0.004620356485247612
1180,0.00499768927693367,0.0046202922239899635
1181,0.004997636191546917,0.004620255436748266
1182,0.004997574258595705,0.0046203103847801685
1183,0.004997561685740948,0.004620331805199385
1184,0.00499748345464468,0.004620213061571121
1185,0.0049974252469837666,0.004620079416781664
1186,0.0049973889254033566,0.004620108753442764
1187,0.00499732093885541,0.0046201045624911785
1188,0.004997237119823694,0.004619954153895378
1189,0.0049972194246947765,0.0046198368072509766
1190,0.004997153766453266,0.004619896411895752
1191,0.004997099284082651,0.004619739484041929
1192,0.004997031297534704,0.00461965799331665
1193,0.00499698193743825,0.00461973249912262
1194,0.00499694561585784,0.004619729705154896
1195,0.004996910225600004,0.004619601648300886
1196,0.004996839910745621,0.004619579296559095
1197,0.004996792878955603,0.004619524348527193
1198,0.004996705334633589,0.004619447514414787
1199,0.0049966261722147465,0.004619261249899864
1200,0.004996573552489281,0.00461916858330369
1201,0.004996520467102528,0.004619325045496225
1202,0.004996500443667173,0.0046192193403840065
1203,0.004996419418603182,0.004619087558239698
1204,0.004996379371732473,0.004619077313691378
1205,0.004996343981474638,0.004619041923433542
1206,0.004996286239475012,0.004618968348950148
1207,0.004996236879378557,0.004618950188159943
1208,0.0049961707554757595,0.004618942737579346
1209,0.004996129777282476,0.004618791397660971
1210,0.004996087867766619,0.004618822131305933
1211,0.0049960254691541195,0.004618910141289234
1212,0.004995997063815594,0.004618848208338022
1213,0.004995997063815594,0.004618688486516476
1214,0.0049959151074290276,0.004618720151484013
1215,0.0049958922900259495,0.0046187518164515495
1216,0.004995850846171379,0.004618701059371233
1217,0.0049957693554461,0.004618678707629442
1218,0.004995723720639944,0.004618578124791384
1219,0.004995690193027258,0.004618491046130657
1220,0.004995641298592091,0.004618524108082056
1221,0.004995604045689106,0.00461839884519577
1222,0.0049955337308347225,0.004618341103196144
1223,0.004995465744286776,0.004618247505277395
1224,0.00499538891017437,0.004618040286004543
1225,0.004995324648916721,0.004617990460246801
1226,0.004995256196707487,0.004618068691343069
1227,0.004995228257030249,0.004618056118488312
1228,0.004995219875127077,0.004618075676262379
1229,0.004995154216885567,0.004617992788553238
1230,0.0049951220862567425,0.004617960657924414
1231,0.004995071794837713,0.004617952276021242
1232,0.004995021969079971,0.004617832135409117
1233,0.004994944669306278,0.0046176849864423275
1234,0.004994900431483984,0.004617531783878803
1235,0.004994796589016914,0.0046174004673957825
1236,0.004994754679501057,0.004617366474121809
1237,0.004994683433324099,0.0046173809096217155
1238,0.004994672257453203,0.0046172975562512875
1239,0.004994619637727737,0.004617344122380018
1240,0.004994561895728111,0.004617397207766771
1241,0.004994548391550779,0.004617371596395969
1242,0.004994506482034922,0.00461725564673543
1243,0.004994435701519251,0.004617180209606886
1244,0.004994365852326155,0.004617106635123491
1245,0.0049943164922297,0.0046171522699296474
1246,0.004994298797100782,0.004617080092430115
1247,0.004994241055101156,0.004617024213075638
1248,0.0049941688776016235,0.004616934806108475
1249,0.004994117189198732,0.004616888705641031
1250,0.004994058050215244,0.0046167317777872086
1251,0.0049940370954573154,0.004616598132997751
1252,0.004993947688490152,0.004616686142981052
1253,0.004993961192667484,0.004616782534867525
1254,0.0049939239397645,0.004616736434400082
1255,0.004993855487555265,0.004616544581949711
1256,0.004993807058781385,0.004616621416062117
1257,0.004993779584765434,0.004616567865014076
1258,0.004993719048798084,0.004616484511643648
1259,0.004993694834411144,0.004616507329046726
1260,0.00499365758150816,0.004616406746208668
1261,0.004993651062250137,0.0046164123341441154
1262,0.004993561655282974,0.004616385791450739
1263,0.0049935271963477135,0.004616347141563892
1264,0.004993462935090065,0.004616220016032457
1265,0.004993422422558069,0.004616140387952328
1266,0.0049933516420423985,0.004616097547113895
1267,0.004993312060832977,0.004616016987711191
1268,0.004993218928575516,0.004615966696292162
1269,0.004993185866624117,0.0046159024350345135
1270,0.004993128124624491,0.0046159676276147366
1271,0.00499309878796339,0.004615765996277332
1272,0.004993055015802383,0.004615793935954571
1273,0.004993024747818708,0.004615733399987221
1274,0.004993007052689791,0.00461582001298666
1275,0.004993000533431768,0.004615722224116325
1276,0.004992949776351452,0.004615560173988342
1277,0.004992883186787367,0.004615591373294592
1278,0.004992836620658636,0.004615576472133398
1279,0.004992784932255745,0.0046155680902302265
1280,0.004992741160094738,0.0046154591254889965
1281,0.004992688540369272,0.004615428391844034
1282,0.004992649890482426,0.0046153259463608265
1283,0.0049925739876925945,0.0046153306029737
1284,0.00499254185706377,0.004615273792296648
1285,0.0049925330094993114,0.0046152956783771515
1286,0.004992497619241476,0.004615172743797302
1287,0.004992434289306402,0.004615291953086853
1288,0.004992391914129257,0.004615141544491053
1289,0.004992357455193996,0.00461503816768527
1290,0.004992321599274874,0.0046150824055075645
1291,0.004992281086742878,0.004614966455847025
1292,0.004992245230823755,0.004614972043782473
1293,0.004992200527340174,0.004614947363734245
1294,0.004992133472114801,0.0046149748377501965
1295,0.004992089234292507,0.004614868201315403
1296,0.004992061760276556,0.004614649806171656
1297,0.004991999827325344,0.004614715930074453
1298,0.004991958383470774,0.004614586476236582
1299,0.004991940222680569,0.004614561330527067
1300,0.004991893656551838,0.004614535253494978
1301,0.004991880618035793,0.00461460929363966
1302,0.0049918293952941895,0.004614629317075014
1303,0.004991759546101093,0.004614523146301508
1304,0.004991740453988314,0.004614539444446564
1305,0.00499173067510128,0.004614450503140688
1306,0.004991697147488594,0.004614405799657106
1307,0.004991688299924135,0.004614484496414661
1308,0.0049916766583919525,0.004614482168108225
1309,0.0049916040152311325,0.004614447243511677
1310,0.004991577938199043,0.004614314064383507
1311,0.004991521127521992,0.004614356439560652
1312,0.0049914768896996975,0.004614213481545448
1313,0.004991431254893541,0.004614085424691439
1314,0.004991362802684307,0.004613917786628008
1315,0.00499130180105567,0.004613939672708511
1316,0.004991287365555763,0.004614039324223995
1317,0.004991284571588039,0.004613954108208418
1318,0.0049912394024431705,0.004613965284079313
1319,0.004991201683878899,0.004613921046257019
1320,0.004991175141185522,0.004613918252289295
1321,0.004991120658814907,0.004613895434886217
1322,0.004991078283637762,0.004613856784999371
1323,0.004991018213331699,0.004613723140209913
1324,0.004990990739315748,0.0046137673780322075
1325,0.00499096279963851,0.0046136886812746525
1326,0.004990925081074238,0.004613623023033142
1327,0.004990871995687485,0.004613624885678291
1328,0.004990835208445787,0.0046135978773236275
1329,0.00499081052839756,0.0046135615557432175
1330,0.0049907732754945755,0.004613595549017191
1331,0.004990708082914352,0.0046136220917105675
1332,0.004990729968994856,0.00461362162604928
1333,0.004990669898688793,0.004613496828824282
1334,0.00499061681330204,0.004613455384969711
1335,0.004990564659237862,0.00461334316059947
1336,0.004990534856915474,0.004613308701664209
1337,0.004990494344383478,0.004613126162439585
1338,0.0049904510378837585,0.004613237455487251
1339,0.004990425426512957,0.004613267257809639
1340,0.004990382120013237,0.004613212309777737
1341,0.004990332759916782,0.004613087046891451
1342,0.004990301560610533,0.004613040946424007
1343,0.004990243818610907,0.004613035824149847
1344,0.004990218672901392,0.004612972028553486
1345,0.004990193992853165,0.004612958524376154
1346,0.0049901544116437435,0.004612861666828394
1347,0.00499009620398283,0.004612846300005913
1348,0.004990061745047569,0.0046128262765705585
1349,0.004990081302821636,0.004612752236425877
1350,0.004990056157112122,0.004612869583070278
1351,0.004990001674741507,0.004612848628312349
1352,0.0049899606965482235,0.004612734541296959
1353,0.004989882465451956,0.004612653981894255
1354,0.004989828448742628,0.004612565506249666
1355,0.004989815875887871,0.004612507298588753
1356,0.0049897716380655766,0.004612393211573362
1357,0.00498971389606595,0.004612474702298641
1358,0.004989701323211193,0.00461242999881506
1359,0.004989656154066324,0.004612375982105732
1360,0.004989616107195616,0.004612339660525322
1361,0.004989592358469963,0.004612295422703028
1362,0.004989589564502239,0.004612368531525135
1363,0.0049895839765667915,0.004612385760992765
1364,0.004989539738744497,0.004612353164702654
1365,0.004989502020180225,0.004612256307154894
1366,0.004989482928067446,0.004612261429429054
1367,0.00498944940045476,0.004612146411091089
1368,0.004989384673535824,0.0046121967025101185
1369,0.004989340901374817,0.004612057004123926
1370,0.004989284556359053,0.004612046293914318
1371,0.0049892510287463665,0.004611979704350233
1372,0.00498921750113368,0.004611917771399021
1373,0.004989147186279297,0.00461195781826973
1374,0.004989155568182468,0.004611950367689133
1375,0.0049891299568116665,0.004611825104802847
1376,0.004989128094166517,0.004611820448189974
1377,0.004989084787666798,0.004611845128238201
1378,0.004989059641957283,0.0046119652688503265
1379,0.004989020526409149,0.004611884709447622
1380,0.004988985136151314,0.004611796233803034
1381,0.004988914355635643,0.004611543845385313
1382,0.004988852422684431,0.004611414857208729
1383,0.0049888016656041145,0.004611468408256769
1384,0.004988794215023518,0.004611528478562832
1385,0.004988804925233126,0.004611554555594921
1386,0.004988774657249451,0.004611598327755928
1387,0.004988749045878649,0.004611533135175705
1388,0.004988739732652903,0.004611457232385874
1389,0.004988705273717642,0.004611443728208542
1390,0.0049886745400726795,0.004611514043062925
1391,0.004988642409443855,0.004611545708030462
1392,0.004988634493201971,0.004611421376466751
1393,0.004988580010831356,0.00461134547367692
1394,0.004988546948879957,0.004611229058355093
1395,0.0049885110929608345,0.0046112025156617165
1396,0.004988431464880705,0.00461110332980752
1397,0.004988375119864941,0.004611100535839796
1398,0.004988344851881266,0.004611004143953323
1399,0.004988313652575016,0.004611114040017128
1400,0.004988272208720446,0.004611137788742781
1401,0.004988258238881826,0.004610988777130842
1402,0.004988210275769234,0.004610867705196142
1403,0.004988193511962891,0.004610912874341011
1404,0.004988186061382294,0.004610910080373287
1405,0.004988167900592089,0.004610842559486628
1406,0.004988147411495447,0.004610879812389612
1407,0.0049880859442055225,0.004610857460647821
1408,0.004988078493624926,0.004610830452293158
1409,0.004988040309399366,0.004610882606357336
1410,0.004987986758351326,0.004610738717019558
1411,0.004987915512174368,0.004610585048794746
1412,0.0049878498539328575,0.004610501695424318
1413,0.00498779583722353,0.004610471427440643
1414,0.004987757652997971,0.004610431380569935
1415,0.004987721331417561,0.004610440693795681
1416,0.0049876864068210125,0.004610412288457155
1417,0.004987692926079035,0.0046104080975055695
1418,0.004987688269466162,0.004610427655279636
1419,0.004987681284546852,0.004610372707247734
1420,0.004987682215869427,0.004610407166182995
1421,0.004987645428627729,0.004610395524650812
1422,0.004987622145563364,0.00461051007732749
1423,0.004987633321434259,0.004610441625118256
1424,0.0049876077100634575,0.0046104188077151775
1425,0.00498755369335413,0.004610303323715925
1426,0.004987503867596388,0.004610253497958183
1427,0.004987472202628851,0.004610191565006971
1428,0.004987431690096855,0.004610166884958744
1429,0.004987409804016352,0.004610245581716299
1430,0.004987399559468031,0.004610120318830013
1431,0.004987405613064766,0.004610051400959492
1432,0.00498737720772624,0.004610165487974882
1433,0.004987357184290886,0.004610211122781038
1434,0.00498731154948473,0.004610092379152775
1435,0.004987259395420551,0.004610050935298204
1436,0.004987229593098164,0.004609962925314903
1437,0.004987181164324284,0.004609882365912199
1438,0.0049871462397277355,0.004609944298863411
1439,0.004987138789147139,0.0046099466271698475
1440,0.0049871234223246574,0.004609901458024979
1441,0.004987090360373259,0.004609953612089157
1442,0.004987046588212252,0.004610009025782347
1443,0.004986997693777084,0.004609931260347366
1444,0.004986973013728857,0.004609826486557722
1445,0.004986936692148447,0.004609857220202684
1446,0.004986934829503298,0.004609734285622835
1447,0.004986883606761694,0.004609642084687948
1448,0.004986843094229698,0.004609636962413788
1449,0.0049867890775203705,0.00460951030254364
1450,0.004986767191439867,0.004609459545463324
1451,0.004986715968698263,0.004609387367963791
1452,0.004986700601875782,0.00460942042991519
1453,0.0049866982735693455,0.004609419032931328
1454,0.004986693616956472,0.004609304945915937
1455,0.004986649379134178,0.004609584342688322
1456,0.004986677318811417,0.004609503783285618
1457,0.004986647982150316,0.004609512165188789
1458,0.0049866135232150555,0.004609542898833752
1459,0.004986601881682873,0.004609548486769199
1460,0.004986587446182966,0.00460944976657629
1461,0.004986537620425224,0.004609341267496347
1462,0.004986511077731848,0.004609494470059872
1463,0.0049864789471030235,0.004609392024576664
1464,0.004986438434571028,0.004609179683029652
1465,0.004986386280506849,0.00460915919393301
1466,0.004986373241990805,0.004609256982803345
1467,0.004986376501619816,0.004609284456819296
1468,0.004986369516700506,0.0046092672273516655
1469,0.004986330401152372,0.004609165713191032
1470,0.004986275918781757,0.004609106574207544
1471,0.00498624611645937,0.004609031602740288
1472,0.00498617859557271,0.0046089584939181805
1473,0.0049861520528793335,0.0046088858507573605
1474,0.00498611107468605,0.004608852788805962
1475,0.004986079875379801,0.004608788527548313
1476,0.0049860598519444466,0.0046088513918221
1477,0.004986041225492954,0.004608784336596727
1478,0.0049860430881381035,0.004608905874192715
1479,0.004986017942428589,0.0046089342795312405
1480,0.004985963460057974,0.004608890973031521
1481,0.004985931795090437,0.004608786199241877
1482,0.004985901527106762,0.004608724731951952
1483,0.004985898733139038,0.004608611576259136
1484,0.004985838662832975,0.004608602728694677
1485,0.0049857767298817635,0.004608579445630312
1486,0.0049857525154948235,0.004608527757227421
1487,0.004985724110156298,0.004608519375324249
1488,0.004985708277672529,0.004608563147485256
1489,0.004985714331269264,0.004608625080436468
1490,0.0049856966361403465,0.004608565475791693
1491,0.00498569943010807,0.004608562681823969
1492,0.004985678941011429,0.004608424846082926
1493,0.004985634703189135,0.0046084257774055
1494,0.0049855769611895084,0.004608433693647385
1495,0.004985559266060591,0.004608397837728262
1496,0.004985518287867308,0.0046082548797130585
1497,0.0049854908138513565,0.004608273971825838
1498,0.004985481966286898,0.004608280956745148
1499,0.004985465202480555,0.004608157556504011
1500,0.004985429812222719,0.004608210641890764
1501,0.00498539162799716,0.00460816128179431
1502,0.004985352046787739,0.004608232527971268
1503,0.004985344596207142,0.004608303774148226
1504,0.004985332489013672,0.0046081203036010265
1505,0.0049852835945785046,0.004607948940247297
1506,0.004985232371836901,0.004607885144650936
1507,0.0049851578660309315,0.004607827868312597
1508,0.0049851275980472565,0.004607799928635359
1509,0.0049851201474666595,0.004607686772942543
1510,0.00498511828482151,0.004607700742781162
1511,0.004985124804079533,0.004607755225151777
1512,0.0049850838258862495,0.004607756622135639
1513,0.004985070787370205,0.004607748240232468
1514,0.00498501630499959,0.004607777111232281
1515,0.004985003266483545,0.004607758950442076
1516,0.004984973464161158,0.00460765790194273
1517,0.0049849567003548145,0.00460763368755579
1518,0.004984925966709852,0.004607695154845715
1519,0.004984926898032427,0.004607669077813625
1520,0.00498491246253252,0.004607583861798048
1521,0.004984867759048939,0.004607472103089094
1522,0.004984843544661999,0.004607453942298889
1523,0.0049848295748233795,0.00460747629404068
1524,0.004984813742339611,0.004607433918863535
1525,0.004984766710549593,0.004607413429766893
1526,0.0049847266636788845,0.004607377573847771
1527,0.004984709434211254,0.00460727047175169
1528,0.004984668921679258,0.004607189446687698
1529,0.004984650295227766,0.004607249516993761
1530,0.00498460466042161,0.004607314709573984
1531,0.004984572529792786,0.004607251845300198
1532,0.004984540399163961,0.004607245326042175
1533,0.004984523169696331,0.004607240203768015
1534,0.004984517116099596,0.00460720993578434
1535,0.004984493833035231,0.004607196897268295
1536,0.004984473809599876,0.004607195965945721
1537,0.004984445404261351,0.0046072425320744514
1538,0.004984420724213123,0.004607217386364937
1539,0.004984388127923012,0.004607156850397587
1540,0.0049843695014715195,0.00460716150701046
1541,0.004984353668987751,0.004607053007930517
1542,0.0049843271262943745,0.004607002250850201
1543,0.004984344821423292,0.004606982227414846
1544,0.004984284285455942,0.004606948234140873
1545,0.004984258208423853,0.004606981296092272
1546,0.004984247498214245,0.004606909584254026
1547,0.004984230734407902,0.004606897477060556
1548,0.004984201863408089,0.004606892820447683
1549,0.0049841576255857944,0.004606825299561024
1550,0.004984130151569843,0.004606820177286863
1551,0.004984122700989246,0.004606811795383692
1552,0.004984093364328146,0.00460671354085207
1553,0.004984036087989807,0.004606663715094328
1554,0.004984010476619005,0.004606698174029589
1555,0.004984017927199602,0.004606655798852444
1556,0.0049839988350868225,0.004606777336448431
1557,0.004983996041119099,0.0046068280935287476
1558,0.004984003957360983,0.0046068537048995495
1559,0.004984008148312569,0.004606782924383879
1560,0.004983986262232065,0.004606551956385374
1561,0.004983922932296991,0.004606492351740599
1562,0.004983874037861824,0.004606703761965036
1563,0.004983831662684679,0.00460663391277194
1564,0.004983804654330015,0.004606623202562332
1565,0.004983787424862385,0.004606503061950207
1566,0.004983770195394754,0.004606553819030523
1567,0.004983752500265837,0.004606480244547129
1568,0.004983718506991863,0.0046064043417572975
1569,0.004983710125088692,0.004606335423886776
1570,0.004983703605830669,0.00460635544732213
1571,0.004983678925782442,0.0046063377521932125
1572,0.0049836598336696625,0.004606357775628567
1573,0.004983664024621248,0.0046065011993050575
1574,0.004983627237379551,0.004606439732015133
1575,0.004983588587492704,0.004606257192790508
1576,0.004983555991202593,0.004606255795806646
1577,0.0049835327081382275,0.004606273956596851
1578,0.00498349079862237,0.004606171976774931
1579,0.004983464255928993,0.004606091417372227
1580,0.004983424209058285,0.004606130067259073
1581,0.004983406979590654,0.004606115631759167
1582,0.004983392544090748,0.004606169182807207
1583,0.004983385093510151,0.004606198985129595
1584,0.004983392544090748,0.004606194794178009
1585,0.004983352962881327,0.00460618594661355
1586,0.004983319900929928,0.004606173373758793
1587,0.00498329708352685,0.004606096539646387
1588,0.00498328497633338,0.004605988040566444
1589,0.004983250051736832,0.004605951253324747
1590,0.004983242601156235,0.004605935886502266
1591,0.004983206279575825,0.004605886992067099
1592,0.004983183927834034,0.004606062546372414
1593,0.004983172286301851,0.0046059750020504
1594,0.004983135033398867,0.004605837166309357
1595,0.004983086138963699,0.004605848342180252
1596,0.0049830591306090355,0.004605815280228853
1597,0.004983048886060715,0.004605807829648256
1598,0.0049830167554318905,0.004605747293680906
1599,0.004983008373528719,0.004605739377439022
1600,0.004982978571206331,0.004605604335665703
1601,0.004982943646609783,0.00460563600063324
1602,0.004982917103916407,0.004605610389262438
1603,0.004982886835932732,0.0046056597493588924
1604,0.00498287845402956,0.004605651833117008
1605,0.004982867278158665,0.004605531692504883
1606,0.004982837475836277,0.004605461843311787
1607,0.004982789047062397,0.004605482332408428
1608,0.004982755985110998,0.004605467896908522
1609,0.00498274015262723,0.004605446010828018
1610,0.004982719197869301,0.004605442751199007
1611,0.004982687067240477,0.004605401307344437
1612,0.004982642363756895,0.0046053375117480755
1613,0.004982615355402231,0.004605370573699474
1614,0.0049826097674667835,0.004605314694344997
1615,0.004982607904821634,0.004605198744684458
1616,0.004982589278370142,0.004605255089700222
1617,0.004982557147741318,0.00460520014166832
1618,0.00498255155980587,0.004605202469974756
1619,0.00498252734541893,0.004605208523571491
1620,0.004982521757483482,0.004605301655828953
1621,0.004982512444257736,0.0046051619574427605
1622,0.0049824765883386135,0.004605095833539963
1623,0.00498245982453227,0.004605080466717482
1624,0.004982414189726114,0.004605060443282127
1625,0.004982403479516506,0.004605138208717108
1626,0.00498237507417798,0.004605161026120186
1627,0.004982376005500555,0.004605156369507313
1628,0.0049823373556137085,0.004604964982718229
1629,0.004982291255146265,0.0046049803495407104
1630,0.004982274025678635,0.004605011083185673
1631,0.004982244223356247,0.004604967776685953
1632,0.0049822330474853516,0.004604879766702652
1633,0.004982215352356434,0.004604855552315712
1634,0.004982193000614643,0.004604788031429052
1635,0.004982185550034046,0.004604825284332037
1636,0.004982182290405035,0.004604709334671497
1637,0.004982115235179663,0.004604773595929146
1638,0.004982108250260353,0.004604822024703026
1639,0.004982115235179663,0.004604726564139128
1640,0.004982090089470148,0.004604802001267672
1641,0.004982052370905876,0.004604893736541271
1642,0.004982042126357555,0.004604862071573734
1643,0.004982020240277052,0.004604918882250786
1644,0.00498201185837388,0.004604751244187355
1645,0.004981989972293377,0.004604763817042112
1646,0.004981974605470896,0.004604749381542206
1647,0.004981952253729105,0.004604720044881105
1648,0.00498192198574543,0.004604646936058998
1649,0.004981898237019777,0.004604590591043234
1650,0.004981884732842445,0.004604583606123924
1651,0.004981852136552334,0.004604623187333345
1652,0.00498180603608489,0.004604470916092396
1653,0.004981789737939835,0.004604545887559652
1654,0.0049817971885204315,0.004604489542543888
1655,0.004981783218681812,0.00460451515391469
1656,0.00498177157714963,0.00460453238338232
1657,0.004981728736311197,0.004604569636285305
1658,0.004981689620763063,0.004604509100317955
1659,0.004981658421456814,0.004604455083608627
1660,0.004981636069715023,0.004604380577802658
1661,0.004981596954166889,0.004604378715157509
1662,0.004981556907296181,0.0046043251641094685
1663,0.0049815489910542965,0.004604144487529993
1664,0.004981514532119036,0.004604177549481392
1665,0.004981523379683495,0.004604162648320198
1666,0.004981472622603178,0.004604186862707138
1667,0.004981449339538813,0.004604161251336336
1668,0.004981409292668104,0.004604013171046972
1669,0.004981399979442358,0.00460412073880434
1670,0.004981397185474634,0.0046040830202400684
1671,0.0049813673831522465,0.0046041375026106834
1672,0.004981349688023329,0.004604038316756487
1673,0.004981339909136295,0.004603987094014883
1674,0.004981296602636576,0.004603953566402197
1675,0.004981267731636763,0.004603887442499399
1676,0.004981266800314188,0.004603929817676544
1677,0.004981260281056166,0.004604050889611244
1678,0.004981264937669039,0.0046039787121117115
1679,0.004981283098459244,0.004603967070579529
1680,0.004981270991265774,0.00460396520793438
1681,0.004981245379894972,0.004603943321853876
1682,0.004981205798685551,0.0046038879081606865
1683,0.004981157369911671,0.004603805486112833
1684,0.004981113597750664,0.00460377661511302
1685,0.004981097765266895,0.004603886045515537
1686,0.004981074947863817,0.004603881388902664
1687,0.004981046076864004,0.004603798035532236
1688,0.004981021396815777,0.0046038152649998665
1689,0.004981000907719135,0.004603746347129345
1690,0.004980980418622494,0.0046036639250814915
1691,0.004980937577784061,0.004603656940162182
1692,0.004980918485671282,0.004603620618581772
1693,0.00498088076710701,0.004603606183081865
1694,0.004980874713510275,0.004603605717420578
1695,0.004980837926268578,0.004603622946888208
1696,0.004980828613042831,0.004603651352226734
1697,0.004980797879397869,0.004603548441082239
1698,0.004980797413736582,0.004603512119501829
1699,0.004980770405381918,0.004603500943630934
1700,0.004980748053640127,0.004603507462888956
1701,0.0049807229079306126,0.004603446926921606
1702,0.004980695433914661,0.004603334702551365
1703,0.004980658181011677,0.004603257868438959
1704,0.0049806274473667145,0.004603275563567877
1705,0.004980614874511957,0.004603315610438585
1706,0.004980604164302349,0.004603288136422634
1707,0.0049805897288024426,0.004603319335728884
1708,0.004980559926480055,0.00460330443456769
1709,0.004980545956641436,0.004603251814842224
1710,0.004980545490980148,0.004603316076099873
1711,0.004980509635061026,0.004603239241987467
1712,0.004980510100722313,0.004603181499987841
1713,0.0049805063754320145,0.004603277426213026
1714,0.004980495665222406,0.00460325600579381
1715,0.004980476573109627,0.004603195935487747
1716,0.004980452358722687,0.004603133071213961
1717,0.004980418831110001,0.0046031279489398
1718,0.004980380646884441,0.004603147506713867
1719,0.004980355501174927,0.004603136796504259
1720,0.004980335012078285,0.004603074863553047
1721,0.0049803112633526325,0.004603136330842972
1722,0.004980297759175301,0.004603024572134018
1723,0.004980270750820637,0.0046029966324567795
1724,0.004980236291885376,0.004602993372827768
1725,0.0049802218563854694,0.00460300175473094
1726,0.004980181809514761,0.004602963570505381
1727,0.00498017156496644,0.004602996166795492
1728,0.0049801901914179325,0.004602951463311911
1729,0.004980191122740507,0.004603011999279261
1730,0.004980179946869612,0.004602935630828142
1731,0.004980112425982952,0.004602967295795679
1732,0.004980103112757206,0.004602858331054449
1733,0.00498008169233799,0.004602878820151091
1734,0.004980037920176983,0.004602764267474413
1735,0.004979995079338551,0.004602672532200813
1736,0.004979966674000025,0.004602646455168724
1737,0.004979937803000212,0.004602689296007156
1738,0.004979900550097227,0.004602668806910515
1739,0.004979870282113552,0.004602576140314341
1740,0.004979848396033049,0.004602571949362755
1741,0.004979840479791164,0.004602485802024603
1742,0.004979816731065512,0.0046025412157177925
1743,0.00497983256354928,0.00460254680365324
1744,0.0049798376858234406,0.004602588713169098
1745,0.004979846999049187,0.004602503962814808
1746,0.004979809280484915,0.004602679517120123
1747,0.00497977901250124,0.004602635744959116
1748,0.004979763645678759,0.004602602683007717
1749,0.004979768767952919,0.00460246903821826
1750,0.004979724530130625,0.00460251048207283
1751,0.004979703109711409,0.004602487664669752
1752,0.004979679826647043,0.004602410830557346
1753,0.004979641176760197,0.004602382890880108
1754,0.004979600198566914,0.004602400120347738
1755,0.004979557823389769,0.004602294880896807
1756,0.004979560151696205,0.004602343775331974
1757,0.00497953686863184,0.004602306056767702
1758,0.00497950054705143,0.004602281842380762
1759,0.0049794879741966724,0.004602305591106415
1760,0.004979474004358053,0.004602300468832254
1761,0.004979453049600124,0.0046021887101233006
1762,0.0049794334918260574,0.0046021523885428905
1763,0.004979413468390703,0.004602125845849514
1764,0.004979366902261972,0.00460208673030138
1765,0.004979361314326525,0.004602097440510988
1766,0.004979363642632961,0.004602149594575167
1767,0.004979362711310387,0.004602265544235706
1768,0.004979378543794155,0.004602208733558655
1769,0.004979392979294062,0.00460226833820343
1770,0.004979405086487532,0.004602295346558094
1771,0.004979386460036039,0.004602399189025164
1772,0.004979345016181469,0.004602336790412664
1773,0.004979308694601059,0.004602267872542143
1774,0.004979282151907682,0.004602166824042797
1775,0.004979270044714212,0.004602141212671995
1776,0.0049792383797466755,0.004602083470672369
1777,0.004979223944246769,0.004602002911269665
1778,0.004979168530553579,0.0046020206063985825
1779,0.00497916154563427,0.004601944237947464
1780,0.0049791038036346436,0.004602024331688881
1781,0.00497911823913455,0.004601930733770132
1782,0.004979070741683245,0.0046019405126571655
1783,0.004979060962796211,0.004601906985044479
1784,0.004979036748409271,0.004601829219609499
1785,0.004979013465344906,0.004601787310093641
1786,0.004978990647941828,0.004601809196174145
1787,0.0049789478071033955,0.004601813852787018
1788,0.004978923127055168,0.0046016862615942955
1789,0.00497890030965209,0.0046016862615942955
1790,0.004978890530765057,0.004601712338626385
1791,0.00497887097299099,0.004601663444191217
1792,0.004978868179023266,0.004601655062288046
1793,0.004978828597813845,0.0046015274710953236
1794,0.00497882254421711,0.004601548425853252
1795,0.004978818818926811,0.004601568449288607
1796,0.0049788132309913635,0.00460165785625577
1797,0.004978775978088379,0.0046016136184334755
1798,0.004978759679943323,0.0046015349216759205
1799,0.004978734068572521,0.004601519554853439
1800,0.00497873779386282,0.004601602908223867
1801,0.004978709854185581,0.004601605236530304
1802,0.004978703800588846,0.004601579159498215
1803,0.004978678189218044,0.004601517226547003
1804,0.004978661425411701,0.004601445514708757
1805,0.00497862882912159,0.004601445980370045
1806,0.004978610668331385,0.0046013118699193
1807,0.004978599958121777,0.004601427353918552
1808,0.00497857853770256,0.004601482767611742
1809,0.004978572949767113,0.004601491615176201
1810,0.004978554788976908,0.004601405933499336
1811,0.004978522192686796,0.004601430147886276
1812,0.004978538025170565,0.0046014003455638885
1813,0.004978513345122337,0.004601308144629002
1814,0.004978476092219353,0.0046012867242097855
1815,0.004978487733751535,0.004601314663887024
1816,0.004978478420525789,0.004601175431162119
1817,0.004978418815881014,0.00460110092535615
1818,0.004978397861123085,0.004601112566888332
1819,0.004978389013558626,0.004601349588483572
1820,0.004978409968316555,0.004601344000548124
1821,0.004978379234671593,0.004601367749273777
1822,0.004978368524461985,0.004601309075951576
1823,0.004978361073881388,0.004601342137902975
1824,0.004978346172720194,0.004601393826305866
1825,0.00497833825647831,0.004601334687322378
1826,0.004978323820978403,0.004601350054144859
1827,0.004978329408913851,0.004601317457854748
1828,0.004978321027010679,0.004601313732564449
1829,0.004978299606591463,0.004601314663887024
1830,0.004978286102414131,0.004601328168064356
1831,0.004978288896381855,0.00460144504904747
1832,0.004978281911462545,0.004601364955306053
1833,0.004978237673640251,0.004601322114467621
1834,0.0049782306887209415,0.0046013109385967255
1835,0.004978195298463106,0.004601282067596912
1836,0.00497816177085042,0.004601257387548685
1837,0.004978112410753965,0.004601243417710066
1838,0.004978088662028313,0.004601194057613611
1839,0.004978096578270197,0.004601150285452604
1840,0.0049780625849962234,0.004601181950420141
1841,0.0049780611880123615,0.004601118620485067
1842,0.004978008568286896,0.0046010129153728485
1843,0.004977978300303221,0.004600996151566505
1844,0.0049779717810451984,0.004600976128131151
1845,0.004977954085916281,0.004600983578711748
1846,0.0049779401160776615,0.0046008736826479435
1847,0.004977908451110125,0.004600758198648691
1848,0.004977886565029621,0.004600794054567814
1849,0.004977893549948931,0.0046008494682610035
1850,0.0049778763204813,0.004601004999130964
1851,0.004977884236723185,0.004600934684276581
1852,0.00497782975435257,0.004600896965712309
1853,0.00497780553996563,0.004600895568728447
1854,0.004977786913514137,0.004600862041115761
1855,0.004977763164788485,0.004600869957357645
1856,0.004977740813046694,0.004600827116519213
1857,0.0049777161329984665,0.004600706044584513
1858,0.004977684933692217,0.0046007344499230385
1859,0.0049776663072407246,0.004600702319294214
1860,0.004977641627192497,0.0046006846241652966
1861,0.004977615084499121,0.004600684158504009
1862,0.004977583419531584,0.0046006073243916035
1863,0.004977556876838207,0.004600506741553545
1864,0.00497752521187067,0.0046004243195056915
1865,0.004977489821612835,0.004600378219038248
1866,0.004977482836693525,0.004600450396537781
1867,0.004977463744580746,0.004600336775183678
1868,0.00497744046151638,0.0046003698371350765
1869,0.004977453500032425,0.004600407090038061
1870,0.00497744744643569,0.004600475542247295
1871,0.0049774423241615295,0.00460043316707015
1872,0.004977434873580933,0.004600376822054386
1873,0.004977427423000336,0.0046004424802958965
1874,0.0049774483777582645,0.004600432701408863
1875,0.0049774604849517345,0.004600442014634609
1876,0.004977434873580933,0.004600506741553545
1877,0.004977410193532705,0.00460045225918293
1878,0.004977384582161903,0.004600385203957558
1879,0.0049773575738072395,0.004600388929247856
1880,0.00497732637450099,0.004600324667990208
1881,0.004977311007678509,0.004600336775183678
1882,0.004977281671017408,0.004600343760102987
1883,0.0049772621132433414,0.004600343760102987
1884,0.004977240692824125,0.00460027065128088
1885,0.004977214150130749,0.004600351210683584
1886,0.004977243486791849,0.004600323271006346
1887,0.0049772243946790695,0.00460028788074851
1888,0.00497723463922739,0.004600154235959053
1889,0.004977201111614704,0.0046000853180885315
1890,0.004977169446647167,0.004600329324603081
1891,0.004977199714630842,0.00460030697286129
1892,0.0049771759659051895,0.004600275307893753
1893,0.004977135453373194,0.0046002427116036415
1894,0.004977125208824873,0.004600195679813623
1895,0.004977103788405657,0.0046001640148460865
1896,0.004977082833647728,0.004600190091878176
1897,0.004977087490260601,0.004600232001394033
1898,0.004977078177034855,0.004600183106958866
1899,0.004977078177034855,0.004600187297910452
1900,0.004977067466825247,0.004600262735038996
1901,0.004977027885615826,0.004600249230861664
1902,0.0049770125187933445,0.004600277170538902
1903,0.004977000877261162,0.004600165877491236
1904,0.00497698038816452,0.004600131884217262
1905,0.004976942669600248,0.004600034095346928
1906,0.004976925440132618,0.004599974490702152
1907,0.004976900760084391,0.004599977284669876
1908,0.0049768779426813126,0.004600021056830883
1909,0.0049768779426813126,0.004599948413670063
1910,0.004976852331310511,0.0045999023132026196
1911,0.004976846743375063,0.0045999158173799515
1912,0.004976827185600996,0.004599926993250847
1913,0.004976854659616947,0.004600001499056816
1914,0.004976844880729914,0.004600089974701405
1915,0.004976827651262283,0.00460012536495924
1916,0.004976827185600996,0.004599937237799168
1917,0.004976784344762564,0.004599957261234522
1918,0.0049767568707466125,0.004599973559379578
1919,0.004976717289537191,0.004599802196025848
1920,0.004976680502295494,0.004599790088832378
1921,0.0049766842275857925,0.0045997584238648415
1922,0.004976650234311819,0.004599741194397211
1923,0.004976631607860327,0.004599740728735924
1924,0.004976621828973293,0.004599674604833126
1925,0.004976615775376558,0.004599757492542267
1926,0.0049766190350055695,0.00459982780739665
1927,0.004976621828973293,0.004599844105541706
1928,0.004976572468876839,0.0045998357236385345
1929,0.004976550117135048,0.004599768202751875
1930,0.004976550117135048,0.004599796608090401
1931,0.004976540803909302,0.004599842708557844
1932,0.004976555705070496,0.004599867854267359
1933,0.004976550117135048,0.004599866922944784
1934,0.0049765645526349545,0.004599715117365122
1935,0.004976537078619003,0.00459976214915514
1936,0.004976514261215925,0.0045997751876711845
1937,0.004976506344974041,0.004599638748914003
1938,0.004976467229425907,0.004599665757268667
1939,0.004976467229425907,0.00459954421967268
1940,0.004976458381861448,0.004599567968398333
1941,0.004976445343345404,0.0045996238477528095
1942,0.004976410884410143,0.004599679261445999
1943,0.004976391326636076,0.004599584266543388
1944,0.004976374097168446,0.004599522799253464
1945,0.00497633870691061,0.00459955632686615
1946,0.004976319149136543,0.00459953211247921
1947,0.004976293537765741,0.004599443171173334
1948,0.0049762846902012825,0.004599415697157383
1949,0.004976284224539995,0.004599480889737606
1950,0.004976271186023951,0.004599350038915873
1951,0.0049762604758143425,0.004599462728947401
1952,0.004976257216185331,0.004599444102495909
1953,0.004976242780685425,0.004599480889737606
1954,0.004976247437298298,0.0045995223335921764
1955,0.004976222291588783,0.004599380306899548
1956,0.004976223688572645,0.004599442705512047
1957,0.004976233933120966,0.004599453415721655
1958,0.004976202268153429,0.004599432460963726
1959,0.004976160358637571,0.00459942314773798
1960,0.004976146854460239,0.004599402658641338
1961,0.00497613288462162,0.00459939194843173
1962,0.00497610867023468,0.004599298816174269
1963,0.004976104479283094,0.004599351901561022
1964,0.004976090509444475,0.004599347710609436
1965,0.004976070951670408,0.00459941104054451
1966,0.004976068623363972,0.004599342122673988
1967,0.0049760607071220875,0.004599406383931637
1968,0.004976061172783375,0.004599440842866898
1969,0.004976035561412573,0.0045993938110768795
1970,0.0049760309047997,0.004599417094141245
1971,0.004976020660251379,0.004599341657012701
1972,0.0049759880639612675,0.004599303938448429
1973,0.004975981079041958,0.0045993090607225895
1974,0.004975965712219477,0.004599239211529493
1975,0.0049759382382035255,0.004599280189722776
1976,0.004975916817784309,0.004599262960255146
1977,0.00497589074075222,0.0045992182567715645
1978,0.004975898656994104,0.004599197767674923
1979,0.004975903779268265,0.00459934351965785
1980,0.004975913558155298,0.004599332809448242
1981,0.004975916817784309,0.004599264357239008
1982,0.004975913558155298,0.004599294625222683
1983,0.0049759093672037125,0.004599330481141806
1984,0.004975906107574701,0.004599410109221935
1985,0.004975894466042519,0.004599371924996376
1986,0.0049758898094296455,0.004599366802722216
1987,0.0049758790992200375,0.004599363077431917
1988,0.004975848365575075,0.004599303938448429
1989,0.004975815769284964,0.0045992168597877026
1990,0.0049757747910916805,0.004599226173013449
1991,0.004975770600140095,0.004599178675562143
1992,0.004975768271833658,0.004599247593432665
1993,0.004975751042366028,0.004599297419190407
1994,0.00497572822496295,0.004599336069077253
1995,0.004975719377398491,0.004599208943545818
1996,0.00497572124004364,0.004599158186465502
1997,0.004975720774382353,0.004599218722432852
1998,0.004975684452801943,0.004599322099238634
1999,0.004975690972059965,0.004599192179739475
2000,0.004975644405931234,0.004599096719175577
