source_dataset,process,stickout,source_run,rpm,doc,window,sample_id,label,original_image_split,npz_path,image_path,split,target,global_mse,global_mae,ver_max,ver_topk
turning,turning,2inchStickout,2inchStickout/F_08-Jun-2017_rpm1030_doc0p001,1030.0,0p001,1,2inchStickout_F_08-Jun-2017_rpm1030_doc0p001_window_0001,chatter,validation,"data/01_windowed_labeled_2,5s/2inchStickout/F_08-Jun-2017_rpm1030_doc0p001/F_08-Jun-2017_rpm1030_doc0p001_window_0001.npz",data/02_spectrograms_150x100px_dataset/validation/chatter/2inchStickout_F_08-Jun-2017_rpm1030_doc0p001_window_0001_chatter.png,validation,1,0.09023838,0.22448097,0.10988393,0.1091434
turning,turning,2inchStickout,2inchStickout/F_08-Jun-2017_rpm1030_doc0p001,1030.0,0p001,2,2inchStickout_F_08-Jun-2017_rpm1030_doc0p001_window_0002,chatter,validation,"data/01_windowed_labeled_2,5s/2inchStickout/F_08-Jun-2017_rpm1030_doc0p001/F_08-Jun-2017_rpm1030_doc0p001_window_0002.npz",data/02_spectrograms_150x100px_dataset/validation/chatter/2inchStickout_F_08-Jun-2017_rpm1030_doc0p001_window_0002_chatter.png,validation,1,0.10367046,0.251169,0.11646452,0.115240045
turning,turning,2inchStickout,2inchStickout/F_08-Jun-2017_rpm1030_doc0p001,1030.0,0p001,3,2inchStickout_F_08-Jun-2017_rpm1030_doc0p001_window_0003,chatter,validation,"data/01_windowed_labeled_2,5s/2inchStickout/F_08-Jun-2017_rpm1030_doc0p001/F_08-Jun-2017_rpm1030_doc0p001_window_0003.npz",data/02_spectrograms_150x100px_dataset/validation/chatter/2inchStickout_F_08-Jun-2017_rpm1030_doc0p001_window_0003_chatter.png,validation,1,0.123937026,0.28158495,0.14499344,0.14240897
turning,turning,2inchStickout,2inchStickout/F_08-Jun-2017_rpm320_doc0p005,320.0,0p005,5,2inchStickout_F_08-Jun-2017_rpm320_doc0p005_window_0005,no_chatter,validation,"data/01_windowed_labeled_2,5s/2inchStickout/F_08-Jun-2017_rpm320_doc0p005/F_08-Jun-2017_rpm320_doc0p005_window_0005.npz",data/02_spectrograms_150x100px_dataset/validation/no_chatter/2inchStickout_F_08-Jun-2017_rpm320_doc0p005_window_0005_no_chatter.png,validation,0,0.009768571,0.050844856,0.017799523,0.015572482
turning,turning,2inchStickout,2inchStickout/F_08-Jun-2017_rpm320_doc0p005,320.0,0p005,6,2inchStickout_F_08-Jun-2017_rpm320_doc0p005_window_0006,chatter,validation,"data/01_windowed_labeled_2,5s/2inchStickout/F_08-Jun-2017_rpm320_doc0p005/F_08-Jun-2017_rpm320_doc0p005_window_0006.npz",data/02_spectrograms_150x100px_dataset/validation/chatter/2inchStickout_F_08-Jun-2017_rpm320_doc0p005_window_0006_chatter.png,validation,1,0.018339654,0.07202894,0.02218846,0.02086123
turning,turning,2inchStickout,2inchStickout/F_08-Jun-2017_rpm320_doc0p005,320.0,0p005,7,2inchStickout_F_08-Jun-2017_rpm320_doc0p005_window_0007,chatter,validation,"data/01_windowed_labeled_2,5s/2inchStickout/F_08-Jun-2017_rpm320_doc0p005/F_08-Jun-2017_rpm320_doc0p005_window_0007.npz",data/02_spectrograms_150x100px_dataset/validation/chatter/2inchStickout_F_08-Jun-2017_rpm320_doc0p005_window_0007_chatter.png,validation,1,0.019678326,0.075878605,0.023082439,0.022448929
turning,turning,2inchStickout,2inchStickout/F_08-Jun-2017_rpm320_doc0p005,320.0,0p005,8,2inchStickout_F_08-Jun-2017_rpm320_doc0p005_window_0008,chatter,validation,"data/01_windowed_labeled_2,5s/2inchStickout/F_08-Jun-2017_rpm320_doc0p005/F_08-Jun-2017_rpm320_doc0p005_window_0008.npz",data/02_spectrograms_150x100px_dataset/validation/chatter/2inchStickout_F_08-Jun-2017_rpm320_doc0p005_window_0008_chatter.png,validation,1,0.018751273,0.07408312,0.022610249,0.022262149
turning,turning,2inchStickout,2inchStickout/F_08-Jun-2017_rpm320_doc0p005,320.0,0p005,9,2inchStickout_F_08-Jun-2017_rpm320_doc0p005_window_0009,chatter,validation,"data/01_windowed_labeled_2,5s/2inchStickout/F_08-Jun-2017_rpm320_doc0p005/F_08-Jun-2017_rpm320_doc0p005_window_0009.npz",data/02_spectrograms_150x100px_dataset/validation/chatter/2inchStickout_F_08-Jun-2017_rpm320_doc0p005_window_0009_chatter.png,validation,1,0.0137153445,0.061011285,0.021388086,0.018030671
turning,turning,2inchStickout,2inchStickout/F_08-Jun-2017_rpm320_doc0p005,320.0,0p005,10,2inchStickout_F_08-Jun-2017_rpm320_doc0p005_window_0010,chatter,validation,"data/01_windowed_labeled_2,5s/2inchStickout/F_08-Jun-2017_rpm320_doc0p005/F_08-Jun-2017_rpm320_doc0p005_window_0010.npz",data/02_spectrograms_150x100px_dataset/validation/chatter/2inchStickout_F_08-Jun-2017_rpm320_doc0p005_window_0010_chatter.png,validation,1,0.009736825,0.050428435,0.0154906465,0.012836632
turning,turning,2inchStickout,2inchStickout/F_08-Jun-2017_rpm320_doc0p005,320.0,0p005,11,2inchStickout_F_08-Jun-2017_rpm320_doc0p005_window_0011,chatter,validation,"data/01_windowed_labeled_2,5s/2inchStickout/F_08-Jun-2017_rpm320_doc0p005/F_08-Jun-2017_rpm320_doc0p005_window_0011.npz",data/02_spectrograms_150x100px_dataset/validation/chatter/2inchStickout_F_08-Jun-2017_rpm320_doc0p005_window_0011_chatter.png,validation,1,0.008258269,0.04706929,0.01145596,0.010483395
turning,turning,2inchStickout,2inchStickout/F_08-Jun-2017_rpm320_doc0p010,320.0,0p010,5,2inchStickout_F_08-Jun-2017_rpm320_doc0p010_window_0005,no_chatter,validation,"data/01_windowed_labeled_2,5s/2inchStickout/F_08-Jun-2017_rpm320_doc0p010/F_08-Jun-2017_rpm320_doc0p010_window_0005.npz",data/02_spectrograms_150x100px_dataset/validation/no_chatter/2inchStickout_F_08-Jun-2017_rpm320_doc0p010_window_0005_no_chatter.png,validation,0,0.0017479992,0.0287382,0.0020518752,0.001948116
turning,turning,2inchStickout,2inchStickout/F_08-Jun-2017_rpm320_doc0p010,320.0,0p010,6,2inchStickout_F_08-Jun-2017_rpm320_doc0p010_window_0006,no_chatter,validation,"data/01_windowed_labeled_2,5s/2inchStickout/F_08-Jun-2017_rpm320_doc0p010/F_08-Jun-2017_rpm320_doc0p010_window_0006.npz",data/02_spectrograms_150x100px_dataset/validation/no_chatter/2inchStickout_F_08-Jun-2017_rpm320_doc0p010_window_0006_no_chatter.png,validation,0,0.0014970527,0.027017973,0.0016399496,0.0015953406
turning,turning,2inchStickout,2inchStickout/F_08-Jun-2017_rpm320_doc0p010,320.0,0p010,8,2inchStickout_F_08-Jun-2017_rpm320_doc0p010_window_0008,no_chatter,validation,"data/01_windowed_labeled_2,5s/2inchStickout/F_08-Jun-2017_rpm320_doc0p010/F_08-Jun-2017_rpm320_doc0p010_window_0008.npz",data/02_spectrograms_150x100px_dataset/validation/no_chatter/2inchStickout_F_08-Jun-2017_rpm320_doc0p010_window_0008_no_chatter.png,validation,0,0.0020912809,0.028820632,0.0031200838,0.0027492393
turning,turning,2inchStickout,2inchStickout/F_08-Jun-2017_rpm320_doc0p010,320.0,0p010,11,2inchStickout_F_08-Jun-2017_rpm320_doc0p010_window_0011,no_chatter,validation,"data/01_windowed_labeled_2,5s/2inchStickout/F_08-Jun-2017_rpm320_doc0p010/F_08-Jun-2017_rpm320_doc0p010_window_0011.npz",data/02_spectrograms_150x100px_dataset/validation/no_chatter/2inchStickout_F_08-Jun-2017_rpm320_doc0p010_window_0011_no_chatter.png,validation,0,0.012783154,0.061076995,0.016572814,0.016119404
turning,turning,2inchStickout,2inchStickout/F_08-Jun-2017_rpm320_doc0p010,320.0,0p010,13,2inchStickout_F_08-Jun-2017_rpm320_doc0p010_window_0013,no_chatter,validation,"data/01_windowed_labeled_2,5s/2inchStickout/F_08-Jun-2017_rpm320_doc0p010/F_08-Jun-2017_rpm320_doc0p010_window_0013.npz",data/02_spectrograms_150x100px_dataset/validation/no_chatter/2inchStickout_F_08-Jun-2017_rpm320_doc0p010_window_0013_no_chatter.png,validation,0,0.009897452,0.05463531,0.011462897,0.010949614
turning,turning,2inchStickout,2inchStickout/F_08-Jun-2017_rpm320_doc0p015,320.0,0p015,1,2inchStickout_F_08-Jun-2017_rpm320_doc0p015_window_0001,no_chatter,validation,"data/01_windowed_labeled_2,5s/2inchStickout/F_08-Jun-2017_rpm320_doc0p015/F_08-Jun-2017_rpm320_doc0p015_window_0001.npz",data/02_spectrograms_150x100px_dataset/validation/no_chatter/2inchStickout_F_08-Jun-2017_rpm320_doc0p015_window_0001_no_chatter.png,validation,0,0.0029901897,0.03871609,0.0032218546,0.0032114862
turning,turning,2inchStickout,2inchStickout/F_08-Jun-2017_rpm320_doc0p015,320.0,0p015,3,2inchStickout_F_08-Jun-2017_rpm320_doc0p015_window_0003,no_chatter,validation,"data/01_windowed_labeled_2,5s/2inchStickout/F_08-Jun-2017_rpm320_doc0p015/F_08-Jun-2017_rpm320_doc0p015_window_0003.npz",data/02_spectrograms_150x100px_dataset/validation/no_chatter/2inchStickout_F_08-Jun-2017_rpm320_doc0p015_window_0003_no_chatter.png,validation,0,0.002688285,0.0366771,0.0029199254,0.0028445816
turning,turning,2inchStickout,2inchStickout/F_08-Jun-2017_rpm320_doc0p015,320.0,0p015,13,2inchStickout_F_08-Jun-2017_rpm320_doc0p015_window_0013,no_chatter,validation,"data/01_windowed_labeled_2,5s/2inchStickout/F_08-Jun-2017_rpm320_doc0p015/F_08-Jun-2017_rpm320_doc0p015_window_0013.npz",data/02_spectrograms_150x100px_dataset/validation/no_chatter/2inchStickout_F_08-Jun-2017_rpm320_doc0p015_window_0013_no_chatter.png,validation,0,0.0014127375,0.025274545,0.001607413,0.0015481977
turning,turning,2inchStickout,2inchStickout/F_08-Jun-2017_rpm320_doc0p015,320.0,0p015,14,2inchStickout_F_08-Jun-2017_rpm320_doc0p015_window_0014,no_chatter,validation,"data/01_windowed_labeled_2,5s/2inchStickout/F_08-Jun-2017_rpm320_doc0p015/F_08-Jun-2017_rpm320_doc0p015_window_0014.npz",data/02_spectrograms_150x100px_dataset/validation/no_chatter/2inchStickout_F_08-Jun-2017_rpm320_doc0p015_window_0014_no_chatter.png,validation,0,0.0012992566,0.023990002,0.0016889826,0.0016050328
turning,turning,2inchStickout,2inchStickout/F_08-Jun-2017_rpm320_doc0p020,320.0,0p020,0,2inchStickout_F_08-Jun-2017_rpm320_doc0p020_window_0000,no_chatter,validation,"data/01_windowed_labeled_2,5s/2inchStickout/F_08-Jun-2017_rpm320_doc0p020/F_08-Jun-2017_rpm320_doc0p020_window_0000.npz",data/02_spectrograms_150x100px_dataset/validation/no_chatter/2inchStickout_F_08-Jun-2017_rpm320_doc0p020_window_0000_no_chatter.png,validation,0,0.0030041083,0.03870516,0.003228381,0.003217934
turning,turning,2inchStickout,2inchStickout/F_08-Jun-2017_rpm320_doc0p020,320.0,0p020,3,2inchStickout_F_08-Jun-2017_rpm320_doc0p020_window_0003,no_chatter,validation,"data/01_windowed_labeled_2,5s/2inchStickout/F_08-Jun-2017_rpm320_doc0p020/F_08-Jun-2017_rpm320_doc0p020_window_0003.npz",data/02_spectrograms_150x100px_dataset/validation/no_chatter/2inchStickout_F_08-Jun-2017_rpm320_doc0p020_window_0003_no_chatter.png,validation,0,0.00297211,0.03856618,0.003227772,0.0032017257
turning,turning,2inchStickout,2inchStickout/F_08-Jun-2017_rpm320_doc0p020,320.0,0p020,4,2inchStickout_F_08-Jun-2017_rpm320_doc0p020_window_0004,no_chatter,validation,"data/01_windowed_labeled_2,5s/2inchStickout/F_08-Jun-2017_rpm320_doc0p020/F_08-Jun-2017_rpm320_doc0p020_window_0004.npz",data/02_spectrograms_150x100px_dataset/validation/no_chatter/2inchStickout_F_08-Jun-2017_rpm320_doc0p020_window_0004_no_chatter.png,validation,0,0.0023315013,0.034206226,0.0026064406,0.0024811493
turning,turning,2inchStickout,2inchStickout/F_08-Jun-2017_rpm320_doc0p020,320.0,0p020,6,2inchStickout_F_08-Jun-2017_rpm320_doc0p020_window_0006,no_chatter,validation,"data/01_windowed_labeled_2,5s/2inchStickout/F_08-Jun-2017_rpm320_doc0p020/F_08-Jun-2017_rpm320_doc0p020_window_0006.npz",data/02_spectrograms_150x100px_dataset/validation/no_chatter/2inchStickout_F_08-Jun-2017_rpm320_doc0p020_window_0006_no_chatter.png,validation,0,0.0019034689,0.030484874,0.0020896322,0.00204368
turning,turning,2inchStickout,2inchStickout/F_08-Jun-2017_rpm320_doc0p020,320.0,0p020,13,2inchStickout_F_08-Jun-2017_rpm320_doc0p020_window_0013,no_chatter,validation,"data/01_windowed_labeled_2,5s/2inchStickout/F_08-Jun-2017_rpm320_doc0p020/F_08-Jun-2017_rpm320_doc0p020_window_0013.npz",data/02_spectrograms_150x100px_dataset/validation/no_chatter/2inchStickout_F_08-Jun-2017_rpm320_doc0p020_window_0013_no_chatter.png,validation,0,0.0019605984,0.030659044,0.0021644777,0.002090592
turning,turning,2inchStickout,2inchStickout/F_08-Jun-2017_rpm320_doc0p020,320.0,0p020,14,2inchStickout_F_08-Jun-2017_rpm320_doc0p020_window_0014,no_chatter,validation,"data/01_windowed_labeled_2,5s/2inchStickout/F_08-Jun-2017_rpm320_doc0p020/F_08-Jun-2017_rpm320_doc0p020_window_0014.npz",data/02_spectrograms_150x100px_dataset/validation/no_chatter/2inchStickout_F_08-Jun-2017_rpm320_doc0p020_window_0014_no_chatter.png,validation,0,0.0021181693,0.031861026,0.0024401343,0.0023387242
turning,turning,2inchStickout,2inchStickout/F_08-Jun-2017_rpm320_doc0p020,320.0,0p020,22,2inchStickout_F_08-Jun-2017_rpm320_doc0p020_window_0022,no_chatter,validation,"data/01_windowed_labeled_2,5s/2inchStickout/F_08-Jun-2017_rpm320_doc0p020/F_08-Jun-2017_rpm320_doc0p020_window_0022.npz",data/02_spectrograms_150x100px_dataset/validation/no_chatter/2inchStickout_F_08-Jun-2017_rpm320_doc0p020_window_0022_no_chatter.png,validation,0,0.0021254423,0.0317577,0.0024121492,0.0023607018
turning,turning,2inchStickout,2inchStickout/F_08-Jun-2017_rpm320_doc0p025,320.0,0p025,3,2inchStickout_F_08-Jun-2017_rpm320_doc0p025_window_0003,no_chatter,validation,"data/01_windowed_labeled_2,5s/2inchStickout/F_08-Jun-2017_rpm320_doc0p025/F_08-Jun-2017_rpm320_doc0p025_window_0003.npz",data/02_spectrograms_150x100px_dataset/validation/no_chatter/2inchStickout_F_08-Jun-2017_rpm320_doc0p025_window_0003_no_chatter.png,validation,0,0.0021022144,0.0315133,0.0027450256,0.0023997242
turning,turning,2inchStickout,2inchStickout/F_08-Jun-2017_rpm320_doc0p025,320.0,0p025,4,2inchStickout_F_08-Jun-2017_rpm320_doc0p025_window_0004,no_chatter,validation,"data/01_windowed_labeled_2,5s/2inchStickout/F_08-Jun-2017_rpm320_doc0p025/F_08-Jun-2017_rpm320_doc0p025_window_0004.npz",data/02_spectrograms_150x100px_dataset/validation/no_chatter/2inchStickout_F_08-Jun-2017_rpm320_doc0p025_window_0004_no_chatter.png,validation,0,0.0014451648,0.0259093,0.0016356432,0.0016074069
turning,turning,2inchStickout,2inchStickout/F_08-Jun-2017_rpm320_doc0p025,320.0,0p025,8,2inchStickout_F_08-Jun-2017_rpm320_doc0p025_window_0008,no_chatter,validation,"data/01_windowed_labeled_2,5s/2inchStickout/F_08-Jun-2017_rpm320_doc0p025/F_08-Jun-2017_rpm320_doc0p025_window_0008.npz",data/02_spectrograms_150x100px_dataset/validation/no_chatter/2inchStickout_F_08-Jun-2017_rpm320_doc0p025_window_0008_no_chatter.png,validation,0,0.0011023985,0.022685535,0.0012954554,0.0012751516
turning,turning,2inchStickout,2inchStickout/F_08-Jun-2017_rpm320_doc0p025,320.0,0p025,12,2inchStickout_F_08-Jun-2017_rpm320_doc0p025_window_0012,no_chatter,validation,"data/01_windowed_labeled_2,5s/2inchStickout/F_08-Jun-2017_rpm320_doc0p025/F_08-Jun-2017_rpm320_doc0p025_window_0012.npz",data/02_spectrograms_150x100px_dataset/validation/no_chatter/2inchStickout_F_08-Jun-2017_rpm320_doc0p025_window_0012_no_chatter.png,validation,0,0.0028688137,0.029444635,0.0044420827,0.004211319
turning,turning,2inchStickout,2inchStickout/F_08-Jun-2017_rpm320_doc0p025,320.0,0p025,13,2inchStickout_F_08-Jun-2017_rpm320_doc0p025_window_0013,no_chatter,validation,"data/01_windowed_labeled_2,5s/2inchStickout/F_08-Jun-2017_rpm320_doc0p025/F_08-Jun-2017_rpm320_doc0p025_window_0013.npz",data/02_spectrograms_150x100px_dataset/validation/no_chatter/2inchStickout_F_08-Jun-2017_rpm320_doc0p025_window_0013_no_chatter.png,validation,0,0.004091523,0.032771707,0.007875637,0.0067418255
turning,turning,2inchStickout,2inchStickout/F_08-Jun-2017_rpm320_doc0p025,320.0,0p025,17,2inchStickout_F_08-Jun-2017_rpm320_doc0p025_window_0017,no_chatter,validation,"data/01_windowed_labeled_2,5s/2inchStickout/F_08-Jun-2017_rpm320_doc0p025/F_08-Jun-2017_rpm320_doc0p025_window_0017.npz",data/02_spectrograms_150x100px_dataset/validation/no_chatter/2inchStickout_F_08-Jun-2017_rpm320_doc0p025_window_0017_no_chatter.png,validation,0,0.0029905874,0.030153941,0.004182345,0.003916938
turning,turning,2inchStickout,2inchStickout/F_08-Jun-2017_rpm320_doc0p025,320.0,0p025,21,2inchStickout_F_08-Jun-2017_rpm320_doc0p025_window_0021,no_chatter,validation,"data/01_windowed_labeled_2,5s/2inchStickout/F_08-Jun-2017_rpm320_doc0p025/F_08-Jun-2017_rpm320_doc0p025_window_0021.npz",data/02_spectrograms_150x100px_dataset/validation/no_chatter/2inchStickout_F_08-Jun-2017_rpm320_doc0p025_window_0021_no_chatter.png,validation,0,0.0021217898,0.028134516,0.0028714794,0.0025599843
turning,turning,2inchStickout,2inchStickout/F_08-Jun-2017_rpm320_doc0p025,320.0,0p025,23,2inchStickout_F_08-Jun-2017_rpm320_doc0p025_window_0023,no_chatter,validation,"data/01_windowed_labeled_2,5s/2inchStickout/F_08-Jun-2017_rpm320_doc0p025/F_08-Jun-2017_rpm320_doc0p025_window_0023.npz",data/02_spectrograms_150x100px_dataset/validation/no_chatter/2inchStickout_F_08-Jun-2017_rpm320_doc0p025_window_0023_no_chatter.png,validation,0,0.0020675038,0.027196381,0.004025457,0.0027651421
turning,turning,2inchStickout,2inchStickout/F_08-Jun-2017_rpm320_doc0p030,320.0,0p030,11,2inchStickout_F_08-Jun-2017_rpm320_doc0p030_window_0011,no_chatter,validation,"data/01_windowed_labeled_2,5s/2inchStickout/F_08-Jun-2017_rpm320_doc0p030/F_08-Jun-2017_rpm320_doc0p030_window_0011.npz",data/02_spectrograms_150x100px_dataset/validation/no_chatter/2inchStickout_F_08-Jun-2017_rpm320_doc0p030_window_0011_no_chatter.png,validation,0,0.0012544546,0.023174666,0.0018171319,0.0015735328
turning,turning,2inchStickout,2inchStickout/F_08-Jun-2017_rpm320_doc0p030,320.0,0p030,12,2inchStickout_F_08-Jun-2017_rpm320_doc0p030_window_0012,no_chatter,validation,"data/01_windowed_labeled_2,5s/2inchStickout/F_08-Jun-2017_rpm320_doc0p030/F_08-Jun-2017_rpm320_doc0p030_window_0012.npz",data/02_spectrograms_150x100px_dataset/validation/no_chatter/2inchStickout_F_08-Jun-2017_rpm320_doc0p030_window_0012_no_chatter.png,validation,0,0.0010647604,0.022334144,0.0013326647,0.0011872816
turning,turning,2inchStickout,2inchStickout/F_08-Jun-2017_rpm320_doc0p030,320.0,0p030,19,2inchStickout_F_08-Jun-2017_rpm320_doc0p030_window_0019,no_chatter,validation,"data/01_windowed_labeled_2,5s/2inchStickout/F_08-Jun-2017_rpm320_doc0p030/F_08-Jun-2017_rpm320_doc0p030_window_0019.npz",data/02_spectrograms_150x100px_dataset/validation/no_chatter/2inchStickout_F_08-Jun-2017_rpm320_doc0p030_window_0019_no_chatter.png,validation,0,0.0036106966,0.03206875,0.004276143,0.004086261
turning,turning,2inchStickout,2inchStickout/F_08-Jun-2017_rpm320_doc0p030,320.0,0p030,20,2inchStickout_F_08-Jun-2017_rpm320_doc0p030_window_0020,no_chatter,validation,"data/01_windowed_labeled_2,5s/2inchStickout/F_08-Jun-2017_rpm320_doc0p030/F_08-Jun-2017_rpm320_doc0p030_window_0020.npz",data/02_spectrograms_150x100px_dataset/validation/no_chatter/2inchStickout_F_08-Jun-2017_rpm320_doc0p030_window_0020_no_chatter.png,validation,0,0.004401087,0.034369748,0.0057348134,0.0053864256
turning,turning,2inchStickout,2inchStickout/F_08-Jun-2017_rpm320_doc0p035,320.0,0p035,3,2inchStickout_F_08-Jun-2017_rpm320_doc0p035_window_0003,no_chatter,validation,"data/01_windowed_labeled_2,5s/2inchStickout/F_08-Jun-2017_rpm320_doc0p035/F_08-Jun-2017_rpm320_doc0p035_window_0003.npz",data/02_spectrograms_150x100px_dataset/validation/no_chatter/2inchStickout_F_08-Jun-2017_rpm320_doc0p035_window_0003_no_chatter.png,validation,0,0.0029235664,0.0381734,0.0032035979,0.0031780542
turning,turning,2inchStickout,2inchStickout/F_08-Jun-2017_rpm320_doc0p035,320.0,0p035,20,2inchStickout_F_08-Jun-2017_rpm320_doc0p035_window_0020,no_chatter,validation,"data/01_windowed_labeled_2,5s/2inchStickout/F_08-Jun-2017_rpm320_doc0p035/F_08-Jun-2017_rpm320_doc0p035_window_0020.npz",data/02_spectrograms_150x100px_dataset/validation/no_chatter/2inchStickout_F_08-Jun-2017_rpm320_doc0p035_window_0020_no_chatter.png,validation,0,0.0013511183,0.024009088,0.0015792659,0.0015183034
turning,turning,2inchStickout,2inchStickout/F_08-Jun-2017_rpm320_doc0p035,320.0,0p035,22,2inchStickout_F_08-Jun-2017_rpm320_doc0p035_window_0022,no_chatter,validation,"data/01_windowed_labeled_2,5s/2inchStickout/F_08-Jun-2017_rpm320_doc0p035/F_08-Jun-2017_rpm320_doc0p035_window_0022.npz",data/02_spectrograms_150x100px_dataset/validation/no_chatter/2inchStickout_F_08-Jun-2017_rpm320_doc0p035_window_0022_no_chatter.png,validation,0,0.0016012362,0.024735192,0.0018904728,0.001849146
turning,turning,2inchStickout,2inchStickout/F_08-Jun-2017_rpm320_doc0p045,320.0,0p045,9,2inchStickout_F_08-Jun-2017_rpm320_doc0p045_window_0009,no_chatter,validation,"data/01_windowed_labeled_2,5s/2inchStickout/F_08-Jun-2017_rpm320_doc0p045/F_08-Jun-2017_rpm320_doc0p045_window_0009.npz",data/02_spectrograms_150x100px_dataset/validation/no_chatter/2inchStickout_F_08-Jun-2017_rpm320_doc0p045_window_0009_no_chatter.png,validation,0,0.002342851,0.028130619,0.0025555927,0.002504941
turning,turning,2inchStickout,2inchStickout/F_08-Jun-2017_rpm320_doc0p045,320.0,0p045,15,2inchStickout_F_08-Jun-2017_rpm320_doc0p045_window_0015,no_chatter,validation,"data/01_windowed_labeled_2,5s/2inchStickout/F_08-Jun-2017_rpm320_doc0p045/F_08-Jun-2017_rpm320_doc0p045_window_0015.npz",data/02_spectrograms_150x100px_dataset/validation/no_chatter/2inchStickout_F_08-Jun-2017_rpm320_doc0p045_window_0015_no_chatter.png,validation,0,0.0011686425,0.022611886,0.0012640548,0.0012434489
turning,turning,2inchStickout,2inchStickout/F_08-Jun-2017_rpm320_doc0p045,320.0,0p045,16,2inchStickout_F_08-Jun-2017_rpm320_doc0p045_window_0016,no_chatter,validation,"data/01_windowed_labeled_2,5s/2inchStickout/F_08-Jun-2017_rpm320_doc0p045/F_08-Jun-2017_rpm320_doc0p045_window_0016.npz",data/02_spectrograms_150x100px_dataset/validation/no_chatter/2inchStickout_F_08-Jun-2017_rpm320_doc0p045_window_0016_no_chatter.png,validation,0,0.0012498621,0.023082571,0.0013893485,0.0013548668
turning,turning,2inchStickout,2inchStickout/F_08-Jun-2017_rpm320_doc0p045,320.0,0p045,17,2inchStickout_F_08-Jun-2017_rpm320_doc0p045_window_0017,no_chatter,validation,"data/01_windowed_labeled_2,5s/2inchStickout/F_08-Jun-2017_rpm320_doc0p045/F_08-Jun-2017_rpm320_doc0p045_window_0017.npz",data/02_spectrograms_150x100px_dataset/validation/no_chatter/2inchStickout_F_08-Jun-2017_rpm320_doc0p045_window_0017_no_chatter.png,validation,0,0.0015118702,0.024628276,0.0024917624,0.0020149068
turning,turning,2inchStickout,2inchStickout/F_08-Jun-2017_rpm320_doc0p060_xAccDetached,320.0,0p060,3,2inchStickout_F_08-Jun-2017_rpm320_doc0p060_xAccDetached_window_0003,no_chatter,validation,"data/01_windowed_labeled_2,5s/2inchStickout/F_08-Jun-2017_rpm320_doc0p060_xAccDetached/F_08-Jun-2017_rpm320_doc0p060_xAccDetached_window_0003.npz",data/02_spectrograms_150x100px_dataset/validation/no_chatter/2inchStickout_F_08-Jun-2017_rpm320_doc0p060_xAccDetached_window_0003_no_chatter.png,validation,0,0.0023387668,0.03302668,0.0025161577,0.0024873316
turning,turning,2inchStickout,2inchStickout/F_08-Jun-2017_rpm425_doc0p010,425.0,0p010,0,2inchStickout_F_08-Jun-2017_rpm425_doc0p010_window_0000,no_chatter,validation,"data/01_windowed_labeled_2,5s/2inchStickout/F_08-Jun-2017_rpm425_doc0p010/F_08-Jun-2017_rpm425_doc0p010_window_0000.npz",data/02_spectrograms_150x100px_dataset/validation/no_chatter/2inchStickout_F_08-Jun-2017_rpm425_doc0p010_window_0000_no_chatter.png,validation,0,0.0029865117,0.03854023,0.003206357,0.0031978756
turning,turning,2inchStickout,2inchStickout/F_08-Jun-2017_rpm425_doc0p010,425.0,0p010,5,2inchStickout_F_08-Jun-2017_rpm425_doc0p010_window_0005,no_chatter,validation,"data/01_windowed_labeled_2,5s/2inchStickout/F_08-Jun-2017_rpm425_doc0p010/F_08-Jun-2017_rpm425_doc0p010_window_0005.npz",data/02_spectrograms_150x100px_dataset/validation/no_chatter/2inchStickout_F_08-Jun-2017_rpm425_doc0p010_window_0005_no_chatter.png,validation,0,0.002051974,0.027330933,0.0026087882,0.0024378782
turning,turning,2inchStickout,2inchStickout/F_08-Jun-2017_rpm425_doc0p015,425.0,0p015,7,2inchStickout_F_08-Jun-2017_rpm425_doc0p015_window_0007,no_chatter,validation,"data/01_windowed_labeled_2,5s/2inchStickout/F_08-Jun-2017_rpm425_doc0p015/F_08-Jun-2017_rpm425_doc0p015_window_0007.npz",data/02_spectrograms_150x100px_dataset/validation/no_chatter/2inchStickout_F_08-Jun-2017_rpm425_doc0p015_window_0007_no_chatter.png,validation,0,0.0026489664,0.02944094,0.0035828578,0.0032213116
turning,turning,2inchStickout,2inchStickout/F_08-Jun-2017_rpm425_doc0p017,425.0,0p017,2,2inchStickout_F_08-Jun-2017_rpm425_doc0p017_window_0002,no_chatter,validation,"data/01_windowed_labeled_2,5s/2inchStickout/F_08-Jun-2017_rpm425_doc0p017/F_08-Jun-2017_rpm425_doc0p017_window_0002.npz",data/02_spectrograms_150x100px_dataset/validation/no_chatter/2inchStickout_F_08-Jun-2017_rpm425_doc0p017_window_0002_no_chatter.png,validation,0,0.0016076509,0.027805217,0.0018361721,0.0017469743
turning,turning,2inchStickout,2inchStickout/F_08-Jun-2017_rpm425_doc0p017,425.0,0p017,3,2inchStickout_F_08-Jun-2017_rpm425_doc0p017_window_0003,no_chatter,validation,"data/01_windowed_labeled_2,5s/2inchStickout/F_08-Jun-2017_rpm425_doc0p017/F_08-Jun-2017_rpm425_doc0p017_window_0003.npz",data/02_spectrograms_150x100px_dataset/validation/no_chatter/2inchStickout_F_08-Jun-2017_rpm425_doc0p017_window_0003_no_chatter.png,validation,0,0.0024836222,0.03024947,0.0037272412,0.0031271838
turning,turning,2inchStickout,2inchStickout/F_08-Jun-2017_rpm425_doc0p017,425.0,0p017,4,2inchStickout_F_08-Jun-2017_rpm425_doc0p017_window_0004,no_chatter,validation,"data/01_windowed_labeled_2,5s/2inchStickout/F_08-Jun-2017_rpm425_doc0p017/F_08-Jun-2017_rpm425_doc0p017_window_0004.npz",data/02_spectrograms_150x100px_dataset/validation/no_chatter/2inchStickout_F_08-Jun-2017_rpm425_doc0p017_window_0004_no_chatter.png,validation,0,0.00693341,0.044658683,0.01368128,0.010318242
turning,turning,2inchStickout,2inchStickout/F_08-Jun-2017_rpm425_doc0p017,425.0,0p017,5,2inchStickout_F_08-Jun-2017_rpm425_doc0p017_window_0005,no_chatter,validation,"data/01_windowed_labeled_2,5s/2inchStickout/F_08-Jun-2017_rpm425_doc0p017/F_08-Jun-2017_rpm425_doc0p017_window_0005.npz",data/02_spectrograms_150x100px_dataset/validation/no_chatter/2inchStickout_F_08-Jun-2017_rpm425_doc0p017_window_0005_no_chatter.png,validation,0,0.005715058,0.041734856,0.011368614,0.010172527
turning,turning,2inchStickout,2inchStickout/F_08-Jun-2017_rpm425_doc0p020,425.0,0p020,6,2inchStickout_F_08-Jun-2017_rpm425_doc0p020_window_0006,chatter,validation,"data/01_windowed_labeled_2,5s/2inchStickout/F_08-Jun-2017_rpm425_doc0p020/F_08-Jun-2017_rpm425_doc0p020_window_0006.npz",data/02_spectrograms_150x100px_dataset/validation/chatter/2inchStickout_F_08-Jun-2017_rpm425_doc0p020_window_0006_chatter.png,validation,1,0.01816062,0.08051905,0.041421894,0.029943878
turning,turning,2inchStickout,2inchStickout/F_08-Jun-2017_rpm425_doc0p020,425.0,0p020,7,2inchStickout_F_08-Jun-2017_rpm425_doc0p020_window_0007,chatter,validation,"data/01_windowed_labeled_2,5s/2inchStickout/F_08-Jun-2017_rpm425_doc0p020/F_08-Jun-2017_rpm425_doc0p020_window_0007.npz",data/02_spectrograms_150x100px_dataset/validation/chatter/2inchStickout_F_08-Jun-2017_rpm425_doc0p020_window_0007_chatter.png,validation,1,0.014848962,0.069066375,0.04660429,0.032337714
turning,turning,2inchStickout,2inchStickout/F_08-Jun-2017_rpm425_doc0p025,425.0,0p025,4,2inchStickout_F_08-Jun-2017_rpm425_doc0p025_window_0004,chatter,validation,"data/01_windowed_labeled_2,5s/2inchStickout/F_08-Jun-2017_rpm425_doc0p025/F_08-Jun-2017_rpm425_doc0p025_window_0004.npz",data/02_spectrograms_150x100px_dataset/validation/chatter/2inchStickout_F_08-Jun-2017_rpm425_doc0p025_window_0004_chatter.png,validation,1,0.022013338,0.0832018,0.027161367,0.026391426
turning,turning,2inchStickout,2inchStickout/F_08-Jun-2017_rpm425_doc0p025,425.0,0p025,5,2inchStickout_F_08-Jun-2017_rpm425_doc0p025_window_0005,chatter,validation,"data/01_windowed_labeled_2,5s/2inchStickout/F_08-Jun-2017_rpm425_doc0p025/F_08-Jun-2017_rpm425_doc0p025_window_0005.npz",data/02_spectrograms_150x100px_dataset/validation/chatter/2inchStickout_F_08-Jun-2017_rpm425_doc0p025_window_0005_chatter.png,validation,1,0.02437498,0.08607284,0.030229388,0.029637454
turning,turning,2inchStickout,2inchStickout/F_08-Jun-2017_rpm425_doc0p025,425.0,0p025,6,2inchStickout_F_08-Jun-2017_rpm425_doc0p025_window_0006,chatter,validation,"data/01_windowed_labeled_2,5s/2inchStickout/F_08-Jun-2017_rpm425_doc0p025/F_08-Jun-2017_rpm425_doc0p025_window_0006.npz",data/02_spectrograms_150x100px_dataset/validation/chatter/2inchStickout_F_08-Jun-2017_rpm425_doc0p025_window_0006_chatter.png,validation,1,0.02426059,0.0850161,0.02890197,0.027966673
turning,turning,2inchStickout,2inchStickout/F_08-Jun-2017_rpm425_doc0p025,425.0,0p025,7,2inchStickout_F_08-Jun-2017_rpm425_doc0p025_window_0007,chatter,validation,"data/01_windowed_labeled_2,5s/2inchStickout/F_08-Jun-2017_rpm425_doc0p025/F_08-Jun-2017_rpm425_doc0p025_window_0007.npz",data/02_spectrograms_150x100px_dataset/validation/chatter/2inchStickout_F_08-Jun-2017_rpm425_doc0p025_window_0007_chatter.png,validation,1,0.019249693,0.07514904,0.02952278,0.027436247
turning,turning,2inchStickout,2inchStickout/F_08-Jun-2017_rpm570_doc0p001,570.0,0p001,1,2inchStickout_F_08-Jun-2017_rpm570_doc0p001_window_0001,no_chatter,validation,"data/01_windowed_labeled_2,5s/2inchStickout/F_08-Jun-2017_rpm570_doc0p001/F_08-Jun-2017_rpm570_doc0p001_window_0001.npz",data/02_spectrograms_150x100px_dataset/validation/no_chatter/2inchStickout_F_08-Jun-2017_rpm570_doc0p001_window_0001_no_chatter.png,validation,0,0.0031757155,0.03605683,0.007675138,0.005013395
turning,turning,2inchStickout,2inchStickout/F_08-Jun-2017_rpm570_doc0p001,570.0,0p001,2,2inchStickout_F_08-Jun-2017_rpm570_doc0p001_window_0002,chatter,validation,"data/01_windowed_labeled_2,5s/2inchStickout/F_08-Jun-2017_rpm570_doc0p001/F_08-Jun-2017_rpm570_doc0p001_window_0002.npz",data/02_spectrograms_150x100px_dataset/validation/chatter/2inchStickout_F_08-Jun-2017_rpm570_doc0p001_window_0002_chatter.png,validation,1,0.01822684,0.07752233,0.0282557,0.024594815
turning,turning,2inchStickout,2inchStickout/F_08-Jun-2017_rpm570_doc0p001,570.0,0p001,3,2inchStickout_F_08-Jun-2017_rpm570_doc0p001_window_0003,chatter,validation,"data/01_windowed_labeled_2,5s/2inchStickout/F_08-Jun-2017_rpm570_doc0p001/F_08-Jun-2017_rpm570_doc0p001_window_0003.npz",data/02_spectrograms_150x100px_dataset/validation/chatter/2inchStickout_F_08-Jun-2017_rpm570_doc0p001_window_0003_chatter.png,validation,1,0.028925862,0.10602266,0.03395749,0.032457434
turning,turning,2inchStickout,2inchStickout/F_08-Jun-2017_rpm570_doc0p001,570.0,0p001,4,2inchStickout_F_08-Jun-2017_rpm570_doc0p001_window_0004,chatter,validation,"data/01_windowed_labeled_2,5s/2inchStickout/F_08-Jun-2017_rpm570_doc0p001/F_08-Jun-2017_rpm570_doc0p001_window_0004.npz",data/02_spectrograms_150x100px_dataset/validation/chatter/2inchStickout_F_08-Jun-2017_rpm570_doc0p001_window_0004_chatter.png,validation,1,0.03036067,0.10993507,0.0335619,0.033066083
turning,turning,2inchStickout,2inchStickout/F_08-Jun-2017_rpm570_doc0p001,570.0,0p001,5,2inchStickout_F_08-Jun-2017_rpm570_doc0p001_window_0005,chatter,validation,"data/01_windowed_labeled_2,5s/2inchStickout/F_08-Jun-2017_rpm570_doc0p001/F_08-Jun-2017_rpm570_doc0p001_window_0005.npz",data/02_spectrograms_150x100px_dataset/validation/chatter/2inchStickout_F_08-Jun-2017_rpm570_doc0p001_window_0005_chatter.png,validation,1,0.033353213,0.11722735,0.039321337,0.03809687
turning,turning,2inchStickout,2inchStickout/F_08-Jun-2017_rpm770_doc0p002,770.0,0p002,1,2inchStickout_F_08-Jun-2017_rpm770_doc0p002_window_0001,chatter,validation,"data/01_windowed_labeled_2,5s/2inchStickout/F_08-Jun-2017_rpm770_doc0p002/F_08-Jun-2017_rpm770_doc0p002_window_0001.npz",data/02_spectrograms_150x100px_dataset/validation/chatter/2inchStickout_F_08-Jun-2017_rpm770_doc0p002_window_0001_chatter.png,validation,1,0.016972443,0.071298376,0.039376162,0.03902036
turning,turning,2inchStickout,2inchStickout/F_08-Jun-2017_rpm770_doc0p002,770.0,0p002,2,2inchStickout_F_08-Jun-2017_rpm770_doc0p002_window_0002,chatter,validation,"data/01_windowed_labeled_2,5s/2inchStickout/F_08-Jun-2017_rpm770_doc0p002/F_08-Jun-2017_rpm770_doc0p002_window_0002.npz",data/02_spectrograms_150x100px_dataset/validation/chatter/2inchStickout_F_08-Jun-2017_rpm770_doc0p002_window_0002_chatter.png,validation,1,0.049372423,0.14757216,0.064268984,0.062256444
turning,turning,2inchStickout,2inchStickout/F_08-Jun-2017_rpm770_doc0p002,770.0,0p002,4,2inchStickout_F_08-Jun-2017_rpm770_doc0p002_window_0004,chatter,validation,"data/01_windowed_labeled_2,5s/2inchStickout/F_08-Jun-2017_rpm770_doc0p002/F_08-Jun-2017_rpm770_doc0p002_window_0004.npz",data/02_spectrograms_150x100px_dataset/validation/chatter/2inchStickout_F_08-Jun-2017_rpm770_doc0p002_window_0004_chatter.png,validation,1,0.0164872,0.074184544,0.019945402,0.019006042
turning,turning,2inchStickout,2inchStickout/F_08-Jun-2017_rpm770_doc0p002,770.0,0p002,7,2inchStickout_F_08-Jun-2017_rpm770_doc0p002_window_0007,chatter,validation,"data/01_windowed_labeled_2,5s/2inchStickout/F_08-Jun-2017_rpm770_doc0p002/F_08-Jun-2017_rpm770_doc0p002_window_0007.npz",data/02_spectrograms_150x100px_dataset/validation/chatter/2inchStickout_F_08-Jun-2017_rpm770_doc0p002_window_0007_chatter.png,validation,1,0.028364532,0.10235551,0.056306016,0.051566303
turning,turning,2inchStickout,2inchStickout/F_08-Jun-2017_rpm770_doc0p005,770.0,0p005,0,2inchStickout_F_08-Jun-2017_rpm770_doc0p005_window_0000,chatter,validation,"data/01_windowed_labeled_2,5s/2inchStickout/F_08-Jun-2017_rpm770_doc0p005/F_08-Jun-2017_rpm770_doc0p005_window_0000.npz",data/02_spectrograms_150x100px_dataset/validation/chatter/2inchStickout_F_08-Jun-2017_rpm770_doc0p005_window_0000_chatter.png,validation,1,0.033682764,0.10618471,0.07102804,0.06805194
turning,turning,2inchStickout,2inchStickout/F_08-Jun-2017_rpm770_doc0p005,770.0,0p005,1,2inchStickout_F_08-Jun-2017_rpm770_doc0p005_window_0001,chatter,validation,"data/01_windowed_labeled_2,5s/2inchStickout/F_08-Jun-2017_rpm770_doc0p005/F_08-Jun-2017_rpm770_doc0p005_window_0001.npz",data/02_spectrograms_150x100px_dataset/validation/chatter/2inchStickout_F_08-Jun-2017_rpm770_doc0p005_window_0001_chatter.png,validation,1,0.09198973,0.2311269,0.11477615,0.108967446
turning,turning,2inchStickout,2inchStickout/F_08-Jun-2017_rpm770_doc0p005,770.0,0p005,2,2inchStickout_F_08-Jun-2017_rpm770_doc0p005_window_0002,chatter,validation,"data/01_windowed_labeled_2,5s/2inchStickout/F_08-Jun-2017_rpm770_doc0p005/F_08-Jun-2017_rpm770_doc0p005_window_0002.npz",data/02_spectrograms_150x100px_dataset/validation/chatter/2inchStickout_F_08-Jun-2017_rpm770_doc0p005_window_0002_chatter.png,validation,1,0.09048221,0.22991866,0.110425726,0.1032246
turning,turning,2inchStickout,2inchStickout/F_08-Jun-2017_rpm770_doc0p005,770.0,0p005,3,2inchStickout_F_08-Jun-2017_rpm770_doc0p005_window_0003,chatter,validation,"data/01_windowed_labeled_2,5s/2inchStickout/F_08-Jun-2017_rpm770_doc0p005/F_08-Jun-2017_rpm770_doc0p005_window_0003.npz",data/02_spectrograms_150x100px_dataset/validation/chatter/2inchStickout_F_08-Jun-2017_rpm770_doc0p005_window_0003_chatter.png,validation,1,0.08726082,0.22598994,0.09844574,0.09755465
turning,turning,2inchStickout,2inchStickout/F_08-Jun-2017_rpm770_doc0p005,770.0,0p005,4,2inchStickout_F_08-Jun-2017_rpm770_doc0p005_window_0004,chatter,validation,"data/01_windowed_labeled_2,5s/2inchStickout/F_08-Jun-2017_rpm770_doc0p005/F_08-Jun-2017_rpm770_doc0p005_window_0004.npz",data/02_spectrograms_150x100px_dataset/validation/chatter/2inchStickout_F_08-Jun-2017_rpm770_doc0p005_window_0004_chatter.png,validation,1,0.11379036,0.26723087,0.1284538,0.12658799
turning,turning,2inchStickout,2inchStickout/F_08-Jun-2017_rpm770_doc0p005,770.0,0p005,5,2inchStickout_F_08-Jun-2017_rpm770_doc0p005_window_0005,chatter,validation,"data/01_windowed_labeled_2,5s/2inchStickout/F_08-Jun-2017_rpm770_doc0p005/F_08-Jun-2017_rpm770_doc0p005_window_0005.npz",data/02_spectrograms_150x100px_dataset/validation/chatter/2inchStickout_F_08-Jun-2017_rpm770_doc0p005_window_0005_chatter.png,validation,1,0.10635361,0.2551682,0.12670963,0.12539768
turning,turning,2inchStickout,2inchStickout/F_08-Jun-2017_rpm770_doc0p005,770.0,0p005,6,2inchStickout_F_08-Jun-2017_rpm770_doc0p005_window_0006,chatter,validation,"data/01_windowed_labeled_2,5s/2inchStickout/F_08-Jun-2017_rpm770_doc0p005/F_08-Jun-2017_rpm770_doc0p005_window_0006.npz",data/02_spectrograms_150x100px_dataset/validation/chatter/2inchStickout_F_08-Jun-2017_rpm770_doc0p005_window_0006_chatter.png,validation,1,0.10038084,0.24532865,0.11198267,0.109673746
turning,turning,2inchStickout,2inchStickout/F_08-Jun-2017_rpm770_doc0p005,770.0,0p005,7,2inchStickout_F_08-Jun-2017_rpm770_doc0p005_window_0007,chatter,validation,"data/01_windowed_labeled_2,5s/2inchStickout/F_08-Jun-2017_rpm770_doc0p005/F_08-Jun-2017_rpm770_doc0p005_window_0007.npz",data/02_spectrograms_150x100px_dataset/validation/chatter/2inchStickout_F_08-Jun-2017_rpm770_doc0p005_window_0007_chatter.png,validation,1,0.105647594,0.25578845,0.12150331,0.11792576
turning,turning,2inchStickout,2inchStickout/F_08-Jun-2017_rpm770_doc0p005,770.0,0p005,8,2inchStickout_F_08-Jun-2017_rpm770_doc0p005_window_0008,chatter,validation,"data/01_windowed_labeled_2,5s/2inchStickout/F_08-Jun-2017_rpm770_doc0p005/F_08-Jun-2017_rpm770_doc0p005_window_0008.npz",data/02_spectrograms_150x100px_dataset/validation/chatter/2inchStickout_F_08-Jun-2017_rpm770_doc0p005_window_0008_chatter.png,validation,1,0.11055829,0.26367444,0.12333667,0.12095829
turning,turning,2inchStickout,2inchStickout/F_08-Jun-2017_rpm770_doc0p005,770.0,0p005,9,2inchStickout_F_08-Jun-2017_rpm770_doc0p005_window_0009,chatter,validation,"data/01_windowed_labeled_2,5s/2inchStickout/F_08-Jun-2017_rpm770_doc0p005/F_08-Jun-2017_rpm770_doc0p005_window_0009.npz",data/02_spectrograms_150x100px_dataset/validation/chatter/2inchStickout_F_08-Jun-2017_rpm770_doc0p005_window_0009_chatter.png,validation,1,0.096412525,0.24210517,0.119182914,0.1139017
turning,turning,2inchStickout,2inchStickout/F_08-Jun-2017_rpm770_doc0p005,770.0,0p005,10,2inchStickout_F_08-Jun-2017_rpm770_doc0p005_window_0010,chatter,validation,"data/01_windowed_labeled_2,5s/2inchStickout/F_08-Jun-2017_rpm770_doc0p005/F_08-Jun-2017_rpm770_doc0p005_window_0010.npz",data/02_spectrograms_150x100px_dataset/validation/chatter/2inchStickout_F_08-Jun-2017_rpm770_doc0p005_window_0010_chatter.png,validation,1,0.047860287,0.14091626,0.08542438,0.07400827
turning,turning,2p5inchStickout,2p5inchStickout/F_12-Jun-2017_rpm570_doc0p008,570.0,0p008,9,2p5inchStickout_F_12-Jun-2017_rpm570_doc0p008_window_0009,no_chatter,validation,"data/01_windowed_labeled_2,5s/2p5inchStickout/F_12-Jun-2017_rpm570_doc0p008/F_12-Jun-2017_rpm570_doc0p008_window_0009.npz",data/02_spectrograms_150x100px_dataset/validation/no_chatter/2p5inchStickout_F_12-Jun-2017_rpm570_doc0p008_window_0009_no_chatter.png,validation,0,0.004462101,0.03868184,0.0065153814,0.0062257745
turning,turning,2p5inchStickout,2p5inchStickout/F_12-Jun-2017_rpm570_doc0p012,570.0,0p012,6,2p5inchStickout_F_12-Jun-2017_rpm570_doc0p012_window_0006,no_chatter,validation,"data/01_windowed_labeled_2,5s/2p5inchStickout/F_12-Jun-2017_rpm570_doc0p012/F_12-Jun-2017_rpm570_doc0p012_window_0006.npz",data/02_spectrograms_150x100px_dataset/validation/no_chatter/2p5inchStickout_F_12-Jun-2017_rpm570_doc0p012_window_0006_no_chatter.png,validation,0,0.005503015,0.043847077,0.0065214685,0.006027559
turning,turning,2p5inchStickout,2p5inchStickout/F_12-Jun-2017_rpm570_doc0p012,570.0,0p012,8,2p5inchStickout_F_12-Jun-2017_rpm570_doc0p012_window_0008,no_chatter,validation,"data/01_windowed_labeled_2,5s/2p5inchStickout/F_12-Jun-2017_rpm570_doc0p012/F_12-Jun-2017_rpm570_doc0p012_window_0008.npz",data/02_spectrograms_150x100px_dataset/validation/no_chatter/2p5inchStickout_F_12-Jun-2017_rpm570_doc0p012_window_0008_no_chatter.png,validation,0,0.0057005384,0.045091495,0.0069667976,0.006581755
turning,turning,2p5inchStickout,2p5inchStickout/F_12-Jun-2017_rpm570_doc0p012,570.0,0p012,9,2p5inchStickout_F_12-Jun-2017_rpm570_doc0p012_window_0009,no_chatter,validation,"data/01_windowed_labeled_2,5s/2p5inchStickout/F_12-Jun-2017_rpm570_doc0p012/F_12-Jun-2017_rpm570_doc0p012_window_0009.npz",data/02_spectrograms_150x100px_dataset/validation/no_chatter/2p5inchStickout_F_12-Jun-2017_rpm570_doc0p012_window_0009_no_chatter.png,validation,0,0.005224741,0.043165162,0.0063714683,0.006087739
turning,turning,2p5inchStickout,2p5inchStickout/F_12-Jun-2017_rpm570_doc0p014,570.0,0p014,3,2p5inchStickout_F_12-Jun-2017_rpm570_doc0p014_window_0003,no_chatter,validation,"data/01_windowed_labeled_2,5s/2p5inchStickout/F_12-Jun-2017_rpm570_doc0p014/F_12-Jun-2017_rpm570_doc0p014_window_0003.npz",data/02_spectrograms_150x100px_dataset/validation/no_chatter/2p5inchStickout_F_12-Jun-2017_rpm570_doc0p014_window_0003_no_chatter.png,validation,0,0.0068558725,0.048419036,0.008450013,0.00800493
turning,turning,2p5inchStickout,2p5inchStickout/F_12-Jun-2017_rpm570_doc0p014,570.0,0p014,4,2p5inchStickout_F_12-Jun-2017_rpm570_doc0p014_window_0004,no_chatter,validation,"data/01_windowed_labeled_2,5s/2p5inchStickout/F_12-Jun-2017_rpm570_doc0p014/F_12-Jun-2017_rpm570_doc0p014_window_0004.npz",data/02_spectrograms_150x100px_dataset/validation/no_chatter/2p5inchStickout_F_12-Jun-2017_rpm570_doc0p014_window_0004_no_chatter.png,validation,0,0.006084301,0.045719467,0.007420234,0.0073016663
turning,turning,2p5inchStickout,2p5inchStickout/F_12-Jun-2017_rpm570_doc0p014,570.0,0p014,5,2p5inchStickout_F_12-Jun-2017_rpm570_doc0p014_window_0005,no_chatter,validation,"data/01_windowed_labeled_2,5s/2p5inchStickout/F_12-Jun-2017_rpm570_doc0p014/F_12-Jun-2017_rpm570_doc0p014_window_0005.npz",data/02_spectrograms_150x100px_dataset/validation/no_chatter/2p5inchStickout_F_12-Jun-2017_rpm570_doc0p014_window_0005_no_chatter.png,validation,0,0.0056650136,0.043811906,0.0063526807,0.0062277294
turning,turning,2p5inchStickout,2p5inchStickout/F_12-Jun-2017_rpm570_doc0p015,570.0,0p015,0,2p5inchStickout_F_12-Jun-2017_rpm570_doc0p015_window_0000,no_chatter,validation,"data/01_windowed_labeled_2,5s/2p5inchStickout/F_12-Jun-2017_rpm570_doc0p015/F_12-Jun-2017_rpm570_doc0p015_window_0000.npz",data/02_spectrograms_150x100px_dataset/validation/no_chatter/2p5inchStickout_F_12-Jun-2017_rpm570_doc0p015_window_0000_no_chatter.png,validation,0,0.003066622,0.03941216,0.0033173265,0.0032900544
turning,turning,3p5inchStickout,3p5inchStickout/F_12-Jun-2017_rpm570_doc0p025,570.0,0p025,0,3p5inchStickout_F_12-Jun-2017_rpm570_doc0p025_window_0000,no_chatter,validation,"data/01_windowed_labeled_2,5s/3p5inchStickout/F_12-Jun-2017_rpm570_doc0p025/F_12-Jun-2017_rpm570_doc0p025_window_0000.npz",data/02_spectrograms_150x100px_dataset/validation/no_chatter/3p5inchStickout_F_12-Jun-2017_rpm570_doc0p025_window_0000_no_chatter.png,validation,0,0.003938133,0.04274465,0.0041825213,0.004146845
turning,turning,3p5inchStickout,3p5inchStickout/F_12-Jun-2017_rpm570_doc0p025,570.0,0p025,3,3p5inchStickout_F_12-Jun-2017_rpm570_doc0p025_window_0003,no_chatter,validation,"data/01_windowed_labeled_2,5s/3p5inchStickout/F_12-Jun-2017_rpm570_doc0p025/F_12-Jun-2017_rpm570_doc0p025_window_0003.npz",data/02_spectrograms_150x100px_dataset/validation/no_chatter/3p5inchStickout_F_12-Jun-2017_rpm570_doc0p025_window_0003_no_chatter.png,validation,0,0.0056029656,0.04407221,0.007947095,0.0068511404
turning,turning,3p5inchStickout,3p5inchStickout/F_14-Jun-2017_rpm770_doc0p005,770.0,0p005,0,3p5inchStickout_F_14-Jun-2017_rpm770_doc0p005_window_0000,no_chatter,validation,"data/01_windowed_labeled_2,5s/3p5inchStickout/F_14-Jun-2017_rpm770_doc0p005/F_14-Jun-2017_rpm770_doc0p005_window_0000.npz",data/02_spectrograms_150x100px_dataset/validation/no_chatter/3p5inchStickout_F_14-Jun-2017_rpm770_doc0p005_window_0000_no_chatter.png,validation,0,0.003613902,0.04146045,0.003878967,0.0038676774
turning,turning,3p5inchStickout,3p5inchStickout/F_14-Jun-2017_rpm770_doc0p015,770.0,0p015,0,3p5inchStickout_F_14-Jun-2017_rpm770_doc0p015_window_0000,no_chatter,validation,"data/01_windowed_labeled_2,5s/3p5inchStickout/F_14-Jun-2017_rpm770_doc0p015/F_14-Jun-2017_rpm770_doc0p015_window_0000.npz",data/02_spectrograms_150x100px_dataset/validation/no_chatter/3p5inchStickout_F_14-Jun-2017_rpm770_doc0p015_window_0000_no_chatter.png,validation,0,0.0036365688,0.041383017,0.0039000574,0.003867775
turning,turning,3p5inchStickout,3p5inchStickout/F_14-Jun-2017_rpm770_doc0p015,770.0,0p015,3,3p5inchStickout_F_14-Jun-2017_rpm770_doc0p015_window_0003,no_chatter,validation,"data/01_windowed_labeled_2,5s/3p5inchStickout/F_14-Jun-2017_rpm770_doc0p015/F_14-Jun-2017_rpm770_doc0p015_window_0003.npz",data/02_spectrograms_150x100px_dataset/validation/no_chatter/3p5inchStickout_F_14-Jun-2017_rpm770_doc0p015_window_0003_no_chatter.png,validation,0,0.0205329,0.085106194,0.036060456,0.031407762
turning,turning,4p5inchStickout,4p5inchStickout/F_12-Jun-2017_rpm570_doc0p005,570.0,0p005,0,4p5inchStickout_F_12-Jun-2017_rpm570_doc0p005_window_0000,no_chatter,validation,"data/01_windowed_labeled_2,5s/4p5inchStickout/F_12-Jun-2017_rpm570_doc0p005/F_12-Jun-2017_rpm570_doc0p005_window_0000.npz",data/02_spectrograms_150x100px_dataset/validation/no_chatter/4p5inchStickout_F_12-Jun-2017_rpm570_doc0p005_window_0000_no_chatter.png,validation,0,0.0041162698,0.043231443,0.004410913,0.0043728524
turning,turning,4p5inchStickout,4p5inchStickout/F_12-Jun-2017_rpm570_doc0p005,570.0,0p005,2,4p5inchStickout_F_12-Jun-2017_rpm570_doc0p005_window_0002,no_chatter,validation,"data/01_windowed_labeled_2,5s/4p5inchStickout/F_12-Jun-2017_rpm570_doc0p005/F_12-Jun-2017_rpm570_doc0p005_window_0002.npz",data/02_spectrograms_150x100px_dataset/validation/no_chatter/4p5inchStickout_F_12-Jun-2017_rpm570_doc0p005_window_0002_no_chatter.png,validation,0,0.004101732,0.043140326,0.004381372,0.004344585
turning,turning,4p5inchStickout,4p5inchStickout/F_12-Jun-2017_rpm570_doc0p005,570.0,0p005,5,4p5inchStickout_F_12-Jun-2017_rpm570_doc0p005_window_0005,no_chatter,validation,"data/01_windowed_labeled_2,5s/4p5inchStickout/F_12-Jun-2017_rpm570_doc0p005/F_12-Jun-2017_rpm570_doc0p005_window_0005.npz",data/02_spectrograms_150x100px_dataset/validation/no_chatter/4p5inchStickout_F_12-Jun-2017_rpm570_doc0p005_window_0005_no_chatter.png,validation,0,0.0040153544,0.040390283,0.0048161233,0.0046070837
turning,turning,4p5inchStickout,4p5inchStickout/F_12-Jun-2017_rpm570_doc0p035,570.0,0p035,0,4p5inchStickout_F_12-Jun-2017_rpm570_doc0p035_window_0000,no_chatter,validation,"data/01_windowed_labeled_2,5s/4p5inchStickout/F_12-Jun-2017_rpm570_doc0p035/F_12-Jun-2017_rpm570_doc0p035_window_0000.npz",data/02_spectrograms_150x100px_dataset/validation/no_chatter/4p5inchStickout_F_12-Jun-2017_rpm570_doc0p035_window_0000_no_chatter.png,validation,0,0.0049502486,0.043545485,0.0063040815,0.0056221206
turning,turning,4p5inchStickout,4p5inchStickout/F_12-Jun-2017_rpm570_doc0p035,570.0,0p035,1,4p5inchStickout_F_12-Jun-2017_rpm570_doc0p035_window_0001,no_chatter,validation,"data/01_windowed_labeled_2,5s/4p5inchStickout/F_12-Jun-2017_rpm570_doc0p035/F_12-Jun-2017_rpm570_doc0p035_window_0001.npz",data/02_spectrograms_150x100px_dataset/validation/no_chatter/4p5inchStickout_F_12-Jun-2017_rpm570_doc0p035_window_0001_no_chatter.png,validation,0,0.0071974215,0.055861495,0.009611816,0.008991321
turning,turning,4p5inchStickout,4p5inchStickout/F_12-Jun-2017_rpm570_doc0p035,570.0,0p035,10,4p5inchStickout_F_12-Jun-2017_rpm570_doc0p035_window_0010,no_chatter,validation,"data/01_windowed_labeled_2,5s/4p5inchStickout/F_12-Jun-2017_rpm570_doc0p035/F_12-Jun-2017_rpm570_doc0p035_window_0010.npz",data/02_spectrograms_150x100px_dataset/validation/no_chatter/4p5inchStickout_F_12-Jun-2017_rpm570_doc0p035_window_0010_no_chatter.png,validation,0,0.0040119304,0.04287035,0.0043778117,0.0042869262
turning,turning,4p5inchStickout,4p5inchStickout/F_13-Jun-2017_rpm1030_doc0p014,1030.0,0p014,2,4p5inchStickout_F_13-Jun-2017_rpm1030_doc0p014_window_0002,no_chatter,validation,"data/01_windowed_labeled_2,5s/4p5inchStickout/F_13-Jun-2017_rpm1030_doc0p014/F_13-Jun-2017_rpm1030_doc0p014_window_0002.npz",data/02_spectrograms_150x100px_dataset/validation/no_chatter/4p5inchStickout_F_13-Jun-2017_rpm1030_doc0p014_window_0002_no_chatter.png,validation,0,0.009704272,0.06499455,0.015164798,0.014448091
turning,turning,4p5inchStickout,4p5inchStickout/F_13-Jun-2017_rpm1030_doc0p015,1030.0,0p015,3,4p5inchStickout_F_13-Jun-2017_rpm1030_doc0p015_window_0003,no_chatter,validation,"data/01_windowed_labeled_2,5s/4p5inchStickout/F_13-Jun-2017_rpm1030_doc0p015/F_13-Jun-2017_rpm1030_doc0p015_window_0003.npz",data/02_spectrograms_150x100px_dataset/validation/no_chatter/4p5inchStickout_F_13-Jun-2017_rpm1030_doc0p015_window_0003_no_chatter.png,validation,0,0.019210894,0.09509957,0.024603281,0.023785347
turning,turning,4p5inchStickout,4p5inchStickout/F_13-Jun-2017_rpm770_doc0p015,770.0,0p015,1,4p5inchStickout_F_13-Jun-2017_rpm770_doc0p015_window_0001,no_chatter,validation,"data/01_windowed_labeled_2,5s/4p5inchStickout/F_13-Jun-2017_rpm770_doc0p015/F_13-Jun-2017_rpm770_doc0p015_window_0001.npz",data/02_spectrograms_150x100px_dataset/validation/no_chatter/4p5inchStickout_F_13-Jun-2017_rpm770_doc0p015_window_0001_no_chatter.png,validation,0,0.003827973,0.03999767,0.0044343458,0.004171382
turning,turning,4p5inchStickout,4p5inchStickout/F_13-Jun-2017_rpm770_doc0p015,770.0,0p015,2,4p5inchStickout_F_13-Jun-2017_rpm770_doc0p015_window_0002,no_chatter,validation,"data/01_windowed_labeled_2,5s/4p5inchStickout/F_13-Jun-2017_rpm770_doc0p015/F_13-Jun-2017_rpm770_doc0p015_window_0002.npz",data/02_spectrograms_150x100px_dataset/validation/no_chatter/4p5inchStickout_F_13-Jun-2017_rpm770_doc0p015_window_0002_no_chatter.png,validation,0,0.004810103,0.0424244,0.005233987,0.005097527
turning,turning,4p5inchStickout,4p5inchStickout/F_13-Jun-2017_rpm770_doc0p015,770.0,0p015,4,4p5inchStickout_F_13-Jun-2017_rpm770_doc0p015_window_0004,no_chatter,validation,"data/01_windowed_labeled_2,5s/4p5inchStickout/F_13-Jun-2017_rpm770_doc0p015/F_13-Jun-2017_rpm770_doc0p015_window_0004.npz",data/02_spectrograms_150x100px_dataset/validation/no_chatter/4p5inchStickout_F_13-Jun-2017_rpm770_doc0p015_window_0004_no_chatter.png,validation,0,0.00631702,0.050632868,0.008137037,0.0073890057
turning,turning,4p5inchStickout,4p5inchStickout/F_13-Jun-2017_rpm770_doc0p015,770.0,0p015,5,4p5inchStickout_F_13-Jun-2017_rpm770_doc0p015_window_0005,no_chatter,validation,"data/01_windowed_labeled_2,5s/4p5inchStickout/F_13-Jun-2017_rpm770_doc0p015/F_13-Jun-2017_rpm770_doc0p015_window_0005.npz",data/02_spectrograms_150x100px_dataset/validation/no_chatter/4p5inchStickout_F_13-Jun-2017_rpm770_doc0p015_window_0005_no_chatter.png,validation,0,0.0046191434,0.04157184,0.00514486,0.005136061
turning,turning,2inchStickout,2inchStickout/F_08-Jun-2017_rpm320_doc0p040,320.0,0p040,0,2inchStickout_F_08-Jun-2017_rpm320_doc0p040_window_0000,no_chatter,validation,"data/01_windowed_labeled_2,5s/2inchStickout/F_08-Jun-2017_rpm320_doc0p040/F_08-Jun-2017_rpm320_doc0p040_window_0000.npz",data/02_spectrograms_150x100px_dataset/test/no_chatter/2inchStickout_F_08-Jun-2017_rpm320_doc0p040_window_0000_no_chatter.png,test,0,0.002972388,0.03855299,0.0032181907,0.0031999548
turning,turning,2inchStickout,2inchStickout/F_08-Jun-2017_rpm320_doc0p040,320.0,0p040,3,2inchStickout_F_08-Jun-2017_rpm320_doc0p040_window_0003,no_chatter,validation,"data/01_windowed_labeled_2,5s/2inchStickout/F_08-Jun-2017_rpm320_doc0p040/F_08-Jun-2017_rpm320_doc0p040_window_0003.npz",data/02_spectrograms_150x100px_dataset/test/no_chatter/2inchStickout_F_08-Jun-2017_rpm320_doc0p040_window_0003_no_chatter.png,test,0,0.0027033752,0.035487067,0.0038073382,0.0032753705
turning,turning,2inchStickout,2inchStickout/F_08-Jun-2017_rpm320_doc0p040,320.0,0p040,4,2inchStickout_F_08-Jun-2017_rpm320_doc0p040_window_0004,no_chatter,validation,"data/01_windowed_labeled_2,5s/2inchStickout/F_08-Jun-2017_rpm320_doc0p040/F_08-Jun-2017_rpm320_doc0p040_window_0004.npz",data/02_spectrograms_150x100px_dataset/test/no_chatter/2inchStickout_F_08-Jun-2017_rpm320_doc0p040_window_0004_no_chatter.png,test,0,0.0016763763,0.027163446,0.0022300363,0.0020249926
turning,turning,2inchStickout,2inchStickout/F_08-Jun-2017_rpm320_doc0p040,320.0,0p040,12,2inchStickout_F_08-Jun-2017_rpm320_doc0p040_window_0012,no_chatter,validation,"data/01_windowed_labeled_2,5s/2inchStickout/F_08-Jun-2017_rpm320_doc0p040/F_08-Jun-2017_rpm320_doc0p040_window_0012.npz",data/02_spectrograms_150x100px_dataset/test/no_chatter/2inchStickout_F_08-Jun-2017_rpm320_doc0p040_window_0012_no_chatter.png,test,0,0.002440056,0.028287217,0.0033107176,0.0029274554
turning,turning,2inchStickout,2inchStickout/F_08-Jun-2017_rpm320_doc0p040,320.0,0p040,22,2inchStickout_F_08-Jun-2017_rpm320_doc0p040_window_0022,no_chatter,validation,"data/01_windowed_labeled_2,5s/2inchStickout/F_08-Jun-2017_rpm320_doc0p040/F_08-Jun-2017_rpm320_doc0p040_window_0022.npz",data/02_spectrograms_150x100px_dataset/test/no_chatter/2inchStickout_F_08-Jun-2017_rpm320_doc0p040_window_0022_no_chatter.png,test,0,0.0029954882,0.030488363,0.004008098,0.0037207063
turning,turning,2inchStickout,2inchStickout/F_08-Jun-2017_rpm320_doc0p050,320.0,0p050,3,2inchStickout_F_08-Jun-2017_rpm320_doc0p050_window_0003,no_chatter,validation,"data/01_windowed_labeled_2,5s/2inchStickout/F_08-Jun-2017_rpm320_doc0p050/F_08-Jun-2017_rpm320_doc0p050_window_0003.npz",data/02_spectrograms_150x100px_dataset/test/no_chatter/2inchStickout_F_08-Jun-2017_rpm320_doc0p050_window_0003_no_chatter.png,test,0,0.002775915,0.03362578,0.004536346,0.0036490646
turning,turning,2inchStickout,2inchStickout/F_08-Jun-2017_rpm320_doc0p050,320.0,0p050,8,2inchStickout_F_08-Jun-2017_rpm320_doc0p050_window_0008,no_chatter,validation,"data/01_windowed_labeled_2,5s/2inchStickout/F_08-Jun-2017_rpm320_doc0p050/F_08-Jun-2017_rpm320_doc0p050_window_0008.npz",data/02_spectrograms_150x100px_dataset/test/no_chatter/2inchStickout_F_08-Jun-2017_rpm320_doc0p050_window_0008_no_chatter.png,test,0,0.0014542979,0.024576899,0.0020118088,0.0018526344
turning,turning,2inchStickout,2inchStickout/F_08-Jun-2017_rpm320_doc0p050,320.0,0p050,9,2inchStickout_F_08-Jun-2017_rpm320_doc0p050_window_0009,no_chatter,validation,"data/01_windowed_labeled_2,5s/2inchStickout/F_08-Jun-2017_rpm320_doc0p050/F_08-Jun-2017_rpm320_doc0p050_window_0009.npz",data/02_spectrograms_150x100px_dataset/test/no_chatter/2inchStickout_F_08-Jun-2017_rpm320_doc0p050_window_0009_no_chatter.png,test,0,0.001936658,0.026456073,0.0027653025,0.0024911705
turning,turning,2inchStickout,2inchStickout/F_08-Jun-2017_rpm320_doc0p050,320.0,0p050,12,2inchStickout_F_08-Jun-2017_rpm320_doc0p050_window_0012,no_chatter,validation,"data/01_windowed_labeled_2,5s/2inchStickout/F_08-Jun-2017_rpm320_doc0p050/F_08-Jun-2017_rpm320_doc0p050_window_0012.npz",data/02_spectrograms_150x100px_dataset/test/no_chatter/2inchStickout_F_08-Jun-2017_rpm320_doc0p050_window_0012_no_chatter.png,test,0,0.0013274313,0.024246395,0.0016343902,0.0014496852
turning,turning,2inchStickout,2inchStickout/F_08-Jun-2017_rpm320_doc0p050,320.0,0p050,13,2inchStickout_F_08-Jun-2017_rpm320_doc0p050_window_0013,no_chatter,validation,"data/01_windowed_labeled_2,5s/2inchStickout/F_08-Jun-2017_rpm320_doc0p050/F_08-Jun-2017_rpm320_doc0p050_window_0013.npz",data/02_spectrograms_150x100px_dataset/test/no_chatter/2inchStickout_F_08-Jun-2017_rpm320_doc0p050_window_0013_no_chatter.png,test,0,0.0016880302,0.025659956,0.0022360324,0.0020070784
turning,turning,2inchStickout,2inchStickout/F_08-Jun-2017_rpm320_doc0p050,320.0,0p050,14,2inchStickout_F_08-Jun-2017_rpm320_doc0p050_window_0014,no_chatter,validation,"data/01_windowed_labeled_2,5s/2inchStickout/F_08-Jun-2017_rpm320_doc0p050/F_08-Jun-2017_rpm320_doc0p050_window_0014.npz",data/02_spectrograms_150x100px_dataset/test/no_chatter/2inchStickout_F_08-Jun-2017_rpm320_doc0p050_window_0014_no_chatter.png,test,0,0.0015147015,0.024755908,0.0019097805,0.0017343899
turning,turning,2inchStickout,2inchStickout/F_08-Jun-2017_rpm320_doc0p050,320.0,0p050,17,2inchStickout_F_08-Jun-2017_rpm320_doc0p050_window_0017,no_chatter,validation,"data/01_windowed_labeled_2,5s/2inchStickout/F_08-Jun-2017_rpm320_doc0p050/F_08-Jun-2017_rpm320_doc0p050_window_0017.npz",data/02_spectrograms_150x100px_dataset/test/no_chatter/2inchStickout_F_08-Jun-2017_rpm320_doc0p050_window_0017_no_chatter.png,test,0,0.0013638146,0.02428705,0.0016184662,0.0015785447
turning,turning,2inchStickout,2inchStickout/F_08-Jun-2017_rpm320_doc0p050,320.0,0p050,22,2inchStickout_F_08-Jun-2017_rpm320_doc0p050_window_0022,no_chatter,validation,"data/01_windowed_labeled_2,5s/2inchStickout/F_08-Jun-2017_rpm320_doc0p050/F_08-Jun-2017_rpm320_doc0p050_window_0022.npz",data/02_spectrograms_150x100px_dataset/test/no_chatter/2inchStickout_F_08-Jun-2017_rpm320_doc0p050_window_0022_no_chatter.png,test,0,0.0013642814,0.024067335,0.0017573363,0.0015378109
turning,turning,2inchStickout,2inchStickout/F_08-Jun-2017_rpm320_doc0p050,320.0,0p050,23,2inchStickout_F_08-Jun-2017_rpm320_doc0p050_window_0023,no_chatter,validation,"data/01_windowed_labeled_2,5s/2inchStickout/F_08-Jun-2017_rpm320_doc0p050/F_08-Jun-2017_rpm320_doc0p050_window_0023.npz",data/02_spectrograms_150x100px_dataset/test/no_chatter/2inchStickout_F_08-Jun-2017_rpm320_doc0p050_window_0023_no_chatter.png,test,0,0.0015420803,0.024764279,0.0024412628,0.001920498
turning,turning,2inchStickout,2inchStickout/F_08-Jun-2017_rpm425_doc0p005,425.0,0p005,3,2inchStickout_F_08-Jun-2017_rpm425_doc0p005_window_0003,no_chatter,validation,"data/01_windowed_labeled_2,5s/2inchStickout/F_08-Jun-2017_rpm425_doc0p005/F_08-Jun-2017_rpm425_doc0p005_window_0003.npz",data/02_spectrograms_150x100px_dataset/test/no_chatter/2inchStickout_F_08-Jun-2017_rpm425_doc0p005_window_0003_no_chatter.png,test,0,0.0015074012,0.026578529,0.0016084121,0.001587471
turning,turning,2inchStickout,2inchStickout/F_08-Jun-2017_rpm425_doc0p005,425.0,0p005,5,2inchStickout_F_08-Jun-2017_rpm425_doc0p005_window_0005,no_chatter,validation,"data/01_windowed_labeled_2,5s/2inchStickout/F_08-Jun-2017_rpm425_doc0p005/F_08-Jun-2017_rpm425_doc0p005_window_0005.npz",data/02_spectrograms_150x100px_dataset/test/no_chatter/2inchStickout_F_08-Jun-2017_rpm425_doc0p005_window_0005_no_chatter.png,test,0,0.0015647636,0.026501497,0.0018387091,0.0017355325
turning,turning,2inchStickout,2inchStickout/F_08-Jun-2017_rpm425_doc0p020,425.0,0p020,2,2inchStickout_F_08-Jun-2017_rpm425_doc0p020_window_0002,no_chatter,validation,"data/01_windowed_labeled_2,5s/2inchStickout/F_08-Jun-2017_rpm425_doc0p020/F_08-Jun-2017_rpm425_doc0p020_window_0002.npz",data/02_spectrograms_150x100px_dataset/test/no_chatter/2inchStickout_F_08-Jun-2017_rpm425_doc0p020_window_0002_no_chatter.png,test,0,0.0017634861,0.028463926,0.0019544375,0.0019132979
turning,turning,2inchStickout,2inchStickout/F_08-Jun-2017_rpm425_doc0p020,425.0,0p020,5,2inchStickout_F_08-Jun-2017_rpm425_doc0p020_window_0005,no_chatter,validation,"data/01_windowed_labeled_2,5s/2inchStickout/F_08-Jun-2017_rpm425_doc0p020/F_08-Jun-2017_rpm425_doc0p020_window_0005.npz",data/02_spectrograms_150x100px_dataset/test/no_chatter/2inchStickout_F_08-Jun-2017_rpm425_doc0p020_window_0005_no_chatter.png,test,0,0.009090578,0.050008442,0.01677364,0.015624963
turning,turning,2inchStickout,2inchStickout/F_08-Jun-2017_rpm425_doc0p025,425.0,0p025,2,2inchStickout_F_08-Jun-2017_rpm425_doc0p025_window_0002,no_chatter,validation,"data/01_windowed_labeled_2,5s/2inchStickout/F_08-Jun-2017_rpm425_doc0p025/F_08-Jun-2017_rpm425_doc0p025_window_0002.npz",data/02_spectrograms_150x100px_dataset/test/no_chatter/2inchStickout_F_08-Jun-2017_rpm425_doc0p025_window_0002_no_chatter.png,test,0,0.0020281307,0.030934434,0.00239575,0.0023756572
turning,turning,2inchStickout,2inchStickout/F_08-Jun-2017_rpm570_doc0p002,570.0,0p002,2,2inchStickout_F_08-Jun-2017_rpm570_doc0p002_window_0002,chatter,validation,"data/01_windowed_labeled_2,5s/2inchStickout/F_08-Jun-2017_rpm570_doc0p002/F_08-Jun-2017_rpm570_doc0p002_window_0002.npz",data/02_spectrograms_150x100px_dataset/test/chatter/2inchStickout_F_08-Jun-2017_rpm570_doc0p002_window_0002_chatter.png,test,1,0.008598927,0.04848116,0.019406488,0.016298393
turning,turning,2inchStickout,2inchStickout/F_08-Jun-2017_rpm570_doc0p002,570.0,0p002,3,2inchStickout_F_08-Jun-2017_rpm570_doc0p002_window_0003,chatter,validation,"data/01_windowed_labeled_2,5s/2inchStickout/F_08-Jun-2017_rpm570_doc0p002/F_08-Jun-2017_rpm570_doc0p002_window_0003.npz",data/02_spectrograms_150x100px_dataset/test/chatter/2inchStickout_F_08-Jun-2017_rpm570_doc0p002_window_0003_chatter.png,test,1,0.022512922,0.086470485,0.028993579,0.028150437
turning,turning,2inchStickout,2inchStickout/F_08-Jun-2017_rpm570_doc0p005,570.0,0p005,1,2inchStickout_F_08-Jun-2017_rpm570_doc0p005_window_0001,no_chatter,validation,"data/01_windowed_labeled_2,5s/2inchStickout/F_08-Jun-2017_rpm570_doc0p005/F_08-Jun-2017_rpm570_doc0p005_window_0001.npz",data/02_spectrograms_150x100px_dataset/test/no_chatter/2inchStickout_F_08-Jun-2017_rpm570_doc0p005_window_0001_no_chatter.png,test,0,0.0023642862,0.032919776,0.002674033,0.002635976
turning,turning,2inchStickout,2inchStickout/F_08-Jun-2017_rpm570_doc0p005,570.0,0p005,2,2inchStickout_F_08-Jun-2017_rpm570_doc0p005_window_0002,chatter,validation,"data/01_windowed_labeled_2,5s/2inchStickout/F_08-Jun-2017_rpm570_doc0p005/F_08-Jun-2017_rpm570_doc0p005_window_0002.npz",data/02_spectrograms_150x100px_dataset/test/chatter/2inchStickout_F_08-Jun-2017_rpm570_doc0p005_window_0002_chatter.png,test,1,0.012190137,0.058154143,0.025401633,0.023321018
turning,turning,2inchStickout,2inchStickout/F_08-Jun-2017_rpm570_doc0p010,570.0,0p010,0,2inchStickout_F_08-Jun-2017_rpm570_doc0p010_window_0000,no_chatter,validation,"data/01_windowed_labeled_2,5s/2inchStickout/F_08-Jun-2017_rpm570_doc0p010/F_08-Jun-2017_rpm570_doc0p010_window_0000.npz",data/02_spectrograms_150x100px_dataset/test/no_chatter/2inchStickout_F_08-Jun-2017_rpm570_doc0p010_window_0000_no_chatter.png,test,0,0.0029196201,0.03838688,0.003140364,0.0031294876
turning,turning,2inchStickout,2inchStickout/F_08-Jun-2017_rpm570_doc0p010,570.0,0p010,1,2inchStickout_F_08-Jun-2017_rpm570_doc0p010_window_0001,no_chatter,validation,"data/01_windowed_labeled_2,5s/2inchStickout/F_08-Jun-2017_rpm570_doc0p010/F_08-Jun-2017_rpm570_doc0p010_window_0001.npz",data/02_spectrograms_150x100px_dataset/test/no_chatter/2inchStickout_F_08-Jun-2017_rpm570_doc0p010_window_0001_no_chatter.png,test,0,0.0030322156,0.03348083,0.0077000638,0.005361533
turning,turning,2inchStickout,2inchStickout/F_08-Jun-2017_rpm570_doc0p010,570.0,0p010,2,2inchStickout_F_08-Jun-2017_rpm570_doc0p010_window_0002,chatter,validation,"data/01_windowed_labeled_2,5s/2inchStickout/F_08-Jun-2017_rpm570_doc0p010/F_08-Jun-2017_rpm570_doc0p010_window_0002.npz",data/02_spectrograms_150x100px_dataset/test/chatter/2inchStickout_F_08-Jun-2017_rpm570_doc0p010_window_0002_chatter.png,test,1,0.02304407,0.0897554,0.02966746,0.028715039
turning,turning,2inchStickout,2inchStickout/F_08-Jun-2017_rpm570_doc0p010,570.0,0p010,3,2inchStickout_F_08-Jun-2017_rpm570_doc0p010_window_0003,chatter,validation,"data/01_windowed_labeled_2,5s/2inchStickout/F_08-Jun-2017_rpm570_doc0p010/F_08-Jun-2017_rpm570_doc0p010_window_0003.npz",data/02_spectrograms_150x100px_dataset/test/chatter/2inchStickout_F_08-Jun-2017_rpm570_doc0p010_window_0003_chatter.png,test,1,0.022682624,0.08985007,0.027107393,0.026257135
turning,turning,2inchStickout,2inchStickout/F_08-Jun-2017_rpm570_doc0p010,570.0,0p010,4,2inchStickout_F_08-Jun-2017_rpm570_doc0p010_window_0004,chatter,validation,"data/01_windowed_labeled_2,5s/2inchStickout/F_08-Jun-2017_rpm570_doc0p010/F_08-Jun-2017_rpm570_doc0p010_window_0004.npz",data/02_spectrograms_150x100px_dataset/test/chatter/2inchStickout_F_08-Jun-2017_rpm570_doc0p010_window_0004_chatter.png,test,1,0.03108233,0.109878354,0.038644146,0.038132567
turning,turning,2inchStickout,2inchStickout/F_08-Jun-2017_rpm570_doc0p010,570.0,0p010,5,2inchStickout_F_08-Jun-2017_rpm570_doc0p010_window_0005,chatter,validation,"data/01_windowed_labeled_2,5s/2inchStickout/F_08-Jun-2017_rpm570_doc0p010/F_08-Jun-2017_rpm570_doc0p010_window_0005.npz",data/02_spectrograms_150x100px_dataset/test/chatter/2inchStickout_F_08-Jun-2017_rpm570_doc0p010_window_0005_chatter.png,test,1,0.036639355,0.12326708,0.04022768,0.040064678
turning,turning,2inchStickout,2inchStickout/F_08-Jun-2017_rpm770_doc0p001,770.0,0p001,0,2inchStickout_F_08-Jun-2017_rpm770_doc0p001_window_0000,no_chatter,validation,"data/01_windowed_labeled_2,5s/2inchStickout/F_08-Jun-2017_rpm770_doc0p001/F_08-Jun-2017_rpm770_doc0p001_window_0000.npz",data/02_spectrograms_150x100px_dataset/test/no_chatter/2inchStickout_F_08-Jun-2017_rpm770_doc0p001_window_0000_no_chatter.png,test,0,0.0030045898,0.038607754,0.00323138,0.0032232553
turning,turning,2inchStickout,2inchStickout/F_08-Jun-2017_rpm770_doc0p001,770.0,0p001,6,2inchStickout_F_08-Jun-2017_rpm770_doc0p001_window_0006,chatter,validation,"data/01_windowed_labeled_2,5s/2inchStickout/F_08-Jun-2017_rpm770_doc0p001/F_08-Jun-2017_rpm770_doc0p001_window_0006.npz",data/02_spectrograms_150x100px_dataset/test/chatter/2inchStickout_F_08-Jun-2017_rpm770_doc0p001_window_0006_chatter.png,test,1,0.03451632,0.12047331,0.049247198,0.044053834
turning,turning,2inchStickout,2inchStickout/F_08-Jun-2017_rpm770_doc0p001,770.0,0p001,7,2inchStickout_F_08-Jun-2017_rpm770_doc0p001_window_0007,chatter,validation,"data/01_windowed_labeled_2,5s/2inchStickout/F_08-Jun-2017_rpm770_doc0p001/F_08-Jun-2017_rpm770_doc0p001_window_0007.npz",data/02_spectrograms_150x100px_dataset/test/chatter/2inchStickout_F_08-Jun-2017_rpm770_doc0p001_window_0007_chatter.png,test,1,0.043904833,0.1413241,0.055891838,0.049705178
turning,turning,2inchStickout,2inchStickout/F_08-Jun-2017_rpm770_doc0p010,770.0,0p010,1,2inchStickout_F_08-Jun-2017_rpm770_doc0p010_window_0001,chatter,validation,"data/01_windowed_labeled_2,5s/2inchStickout/F_08-Jun-2017_rpm770_doc0p010/F_08-Jun-2017_rpm770_doc0p010_window_0001.npz",data/02_spectrograms_150x100px_dataset/test/chatter/2inchStickout_F_08-Jun-2017_rpm770_doc0p010_window_0001_chatter.png,test,1,0.024395982,0.086451486,0.065527156,0.06335136
turning,turning,2inchStickout,2inchStickout/F_08-Jun-2017_rpm770_doc0p010,770.0,0p010,2,2inchStickout_F_08-Jun-2017_rpm770_doc0p010_window_0002,chatter,validation,"data/01_windowed_labeled_2,5s/2inchStickout/F_08-Jun-2017_rpm770_doc0p010/F_08-Jun-2017_rpm770_doc0p010_window_0002.npz",data/02_spectrograms_150x100px_dataset/test/chatter/2inchStickout_F_08-Jun-2017_rpm770_doc0p010_window_0002_chatter.png,test,1,0.057839643,0.17114139,0.06987052,0.06583478
turning,turning,2inchStickout,2inchStickout/F_08-Jun-2017_rpm770_doc0p010,770.0,0p010,3,2inchStickout_F_08-Jun-2017_rpm770_doc0p010_window_0003,chatter,validation,"data/01_windowed_labeled_2,5s/2inchStickout/F_08-Jun-2017_rpm770_doc0p010/F_08-Jun-2017_rpm770_doc0p010_window_0003.npz",data/02_spectrograms_150x100px_dataset/test/chatter/2inchStickout_F_08-Jun-2017_rpm770_doc0p010_window_0003_chatter.png,test,1,0.061192703,0.179128,0.06584477,0.06436358
turning,turning,2inchStickout,2inchStickout/F_08-Jun-2017_rpm770_doc0p010,770.0,0p010,4,2inchStickout_F_08-Jun-2017_rpm770_doc0p010_window_0004,chatter,validation,"data/01_windowed_labeled_2,5s/2inchStickout/F_08-Jun-2017_rpm770_doc0p010/F_08-Jun-2017_rpm770_doc0p010_window_0004.npz",data/02_spectrograms_150x100px_dataset/test/chatter/2inchStickout_F_08-Jun-2017_rpm770_doc0p010_window_0004_chatter.png,test,1,0.06380612,0.18512057,0.07480693,0.068509296
turning,turning,2inchStickout,2inchStickout/F_08-Jun-2017_rpm770_doc0p010,770.0,0p010,5,2inchStickout_F_08-Jun-2017_rpm770_doc0p010_window_0005,chatter,validation,"data/01_windowed_labeled_2,5s/2inchStickout/F_08-Jun-2017_rpm770_doc0p010/F_08-Jun-2017_rpm770_doc0p010_window_0005.npz",data/02_spectrograms_150x100px_dataset/test/chatter/2inchStickout_F_08-Jun-2017_rpm770_doc0p010_window_0005_chatter.png,test,1,0.06649905,0.19084887,0.074176855,0.07147962
turning,turning,2inchStickout,2inchStickout/F_08-Jun-2017_rpm770_doc0p010,770.0,0p010,6,2inchStickout_F_08-Jun-2017_rpm770_doc0p010_window_0006,chatter,validation,"data/01_windowed_labeled_2,5s/2inchStickout/F_08-Jun-2017_rpm770_doc0p010/F_08-Jun-2017_rpm770_doc0p010_window_0006.npz",data/02_spectrograms_150x100px_dataset/test/chatter/2inchStickout_F_08-Jun-2017_rpm770_doc0p010_window_0006_chatter.png,test,1,0.06723996,0.19238895,0.072349675,0.070629515
turning,turning,2inchStickout,2inchStickout/F_08-Jun-2017_rpm770_doc0p010,770.0,0p010,7,2inchStickout_F_08-Jun-2017_rpm770_doc0p010_window_0007,chatter,validation,"data/01_windowed_labeled_2,5s/2inchStickout/F_08-Jun-2017_rpm770_doc0p010/F_08-Jun-2017_rpm770_doc0p010_window_0007.npz",data/02_spectrograms_150x100px_dataset/test/chatter/2inchStickout_F_08-Jun-2017_rpm770_doc0p010_window_0007_chatter.png,test,1,0.06382959,0.18689114,0.07158835,0.0694622
turning,turning,2inchStickout,2inchStickout/F_08-Jun-2017_rpm770_doc0p010,770.0,0p010,8,2inchStickout_F_08-Jun-2017_rpm770_doc0p010_window_0008,chatter,validation,"data/01_windowed_labeled_2,5s/2inchStickout/F_08-Jun-2017_rpm770_doc0p010/F_08-Jun-2017_rpm770_doc0p010_window_0008.npz",data/02_spectrograms_150x100px_dataset/test/chatter/2inchStickout_F_08-Jun-2017_rpm770_doc0p010_window_0008_chatter.png,test,1,0.06719918,0.19246997,0.0760046,0.072887
turning,turning,2inchStickout,2inchStickout/F_08-Jun-2017_rpm770_doc0p010,770.0,0p010,9,2inchStickout_F_08-Jun-2017_rpm770_doc0p010_window_0009,chatter,validation,"data/01_windowed_labeled_2,5s/2inchStickout/F_08-Jun-2017_rpm770_doc0p010/F_08-Jun-2017_rpm770_doc0p010_window_0009.npz",data/02_spectrograms_150x100px_dataset/test/chatter/2inchStickout_F_08-Jun-2017_rpm770_doc0p010_window_0009_chatter.png,test,1,0.070406,0.19861405,0.07897381,0.07749497
turning,turning,2inchStickout,2inchStickout/F_08-Jun-2017_rpm770_doc0p010,770.0,0p010,10,2inchStickout_F_08-Jun-2017_rpm770_doc0p010_window_0010,chatter,validation,"data/01_windowed_labeled_2,5s/2inchStickout/F_08-Jun-2017_rpm770_doc0p010/F_08-Jun-2017_rpm770_doc0p010_window_0010.npz",data/02_spectrograms_150x100px_dataset/test/chatter/2inchStickout_F_08-Jun-2017_rpm770_doc0p010_window_0010_chatter.png,test,1,0.08184996,0.21947163,0.08701902,0.0869045
turning,turning,2inchStickout,2inchStickout/F_08-Jun-2017_rpm770_doc0p010,770.0,0p010,11,2inchStickout_F_08-Jun-2017_rpm770_doc0p010_window_0011,chatter,validation,"data/01_windowed_labeled_2,5s/2inchStickout/F_08-Jun-2017_rpm770_doc0p010/F_08-Jun-2017_rpm770_doc0p010_window_0011.npz",data/02_spectrograms_150x100px_dataset/test/chatter/2inchStickout_F_08-Jun-2017_rpm770_doc0p010_window_0011_chatter.png,test,1,0.07928262,0.21292733,0.091798775,0.088981956
turning,turning,2inchStickout,2inchStickout/F_08-Jun-2017_rpm770_doc0p010,770.0,0p010,12,2inchStickout_F_08-Jun-2017_rpm770_doc0p010_window_0012,chatter,validation,"data/01_windowed_labeled_2,5s/2inchStickout/F_08-Jun-2017_rpm770_doc0p010/F_08-Jun-2017_rpm770_doc0p010_window_0012.npz",data/02_spectrograms_150x100px_dataset/test/chatter/2inchStickout_F_08-Jun-2017_rpm770_doc0p010_window_0012_chatter.png,test,1,0.06538038,0.18842907,0.07330919,0.07239654
turning,turning,2inchStickout,2inchStickout/F_08-Jun-2017_rpm770_doc0p010,770.0,0p010,13,2inchStickout_F_08-Jun-2017_rpm770_doc0p010_window_0013,chatter,validation,"data/01_windowed_labeled_2,5s/2inchStickout/F_08-Jun-2017_rpm770_doc0p010/F_08-Jun-2017_rpm770_doc0p010_window_0013.npz",data/02_spectrograms_150x100px_dataset/test/chatter/2inchStickout_F_08-Jun-2017_rpm770_doc0p010_window_0013_chatter.png,test,1,0.04621707,0.14695892,0.06834825,0.06505975
turning,turning,2inchStickout,2inchStickout/F_08-Jun-2017_smoothingCut2_noChatter,,,1,2inchStickout_F_08-Jun-2017_smoothingCut2_noChatter_window_0001,no_chatter,validation,"data/01_windowed_labeled_2,5s/2inchStickout/F_08-Jun-2017_smoothingCut2_noChatter/F_08-Jun-2017_smoothingCut2_noChatter_window_0001.npz",data/02_spectrograms_150x100px_dataset/test/no_chatter/2inchStickout_F_08-Jun-2017_smoothingCut2_noChatter_window_0001_no_chatter.png,test,0,0.002742629,0.036343805,0.0030160465,0.0029208446
turning,turning,2inchStickout,2inchStickout/F_08-Jun-2017_smoothingCut2_noChatter,,,7,2inchStickout_F_08-Jun-2017_smoothingCut2_noChatter_window_0007,no_chatter,validation,"data/01_windowed_labeled_2,5s/2inchStickout/F_08-Jun-2017_smoothingCut2_noChatter/F_08-Jun-2017_smoothingCut2_noChatter_window_0007.npz",data/02_spectrograms_150x100px_dataset/test/no_chatter/2inchStickout_F_08-Jun-2017_smoothingCut2_noChatter_window_0007_no_chatter.png,test,0,0.0018136227,0.027289852,0.0020693203,0.0019647155
turning,turning,2inchStickout,2inchStickout/F_08-Jun-2017_smoothingCut2_noChatter,,,10,2inchStickout_F_08-Jun-2017_smoothingCut2_noChatter_window_0010,no_chatter,validation,"data/01_windowed_labeled_2,5s/2inchStickout/F_08-Jun-2017_smoothingCut2_noChatter/F_08-Jun-2017_smoothingCut2_noChatter_window_0010.npz",data/02_spectrograms_150x100px_dataset/test/no_chatter/2inchStickout_F_08-Jun-2017_smoothingCut2_noChatter_window_0010_no_chatter.png,test,0,0.0018255757,0.026804755,0.002329786,0.002145795
turning,turning,2p5inchStickout,2p5inchStickout/F_12-Jun-2017_rpm570_doc0p003,570.0,0p003,1,2p5inchStickout_F_12-Jun-2017_rpm570_doc0p003_window_0001,no_chatter,validation,"data/01_windowed_labeled_2,5s/2p5inchStickout/F_12-Jun-2017_rpm570_doc0p003/F_12-Jun-2017_rpm570_doc0p003_window_0001.npz",data/02_spectrograms_150x100px_dataset/test/no_chatter/2p5inchStickout_F_12-Jun-2017_rpm570_doc0p003_window_0001_no_chatter.png,test,0,0.002691403,0.036185205,0.0031734912,0.0030590089
turning,turning,2p5inchStickout,2p5inchStickout/F_12-Jun-2017_rpm570_doc0p005,570.0,0p005,0,2p5inchStickout_F_12-Jun-2017_rpm570_doc0p005_window_0000,no_chatter,validation,"data/01_windowed_labeled_2,5s/2p5inchStickout/F_12-Jun-2017_rpm570_doc0p005/F_12-Jun-2017_rpm570_doc0p005_window_0000.npz",data/02_spectrograms_150x100px_dataset/test/no_chatter/2p5inchStickout_F_12-Jun-2017_rpm570_doc0p005_window_0000_no_chatter.png,test,0,0.0031021307,0.03947404,0.003371066,0.00332406
turning,turning,2p5inchStickout,2p5inchStickout/F_12-Jun-2017_rpm570_doc0p005,570.0,0p005,4,2p5inchStickout_F_12-Jun-2017_rpm570_doc0p005_window_0004,no_chatter,validation,"data/01_windowed_labeled_2,5s/2p5inchStickout/F_12-Jun-2017_rpm570_doc0p005/F_12-Jun-2017_rpm570_doc0p005_window_0004.npz",data/02_spectrograms_150x100px_dataset/test/no_chatter/2p5inchStickout_F_12-Jun-2017_rpm570_doc0p005_window_0004_no_chatter.png,test,0,0.008175466,0.054025184,0.011485878,0.010378896
turning,turning,2p5inchStickout,2p5inchStickout/F_12-Jun-2017_rpm570_doc0p005,570.0,0p005,8,2p5inchStickout_F_12-Jun-2017_rpm570_doc0p005_window_0008,no_chatter,validation,"data/01_windowed_labeled_2,5s/2p5inchStickout/F_12-Jun-2017_rpm570_doc0p005/F_12-Jun-2017_rpm570_doc0p005_window_0008.npz",data/02_spectrograms_150x100px_dataset/test/no_chatter/2p5inchStickout_F_12-Jun-2017_rpm570_doc0p005_window_0008_no_chatter.png,test,0,0.007953803,0.04798953,0.015399131,0.013237358
turning,turning,2p5inchStickout,2p5inchStickout/F_12-Jun-2017_rpm570_doc0p010,570.0,0p010,3,2p5inchStickout_F_12-Jun-2017_rpm570_doc0p010_window_0003,no_chatter,validation,"data/01_windowed_labeled_2,5s/2p5inchStickout/F_12-Jun-2017_rpm570_doc0p010/F_12-Jun-2017_rpm570_doc0p010_window_0003.npz",data/02_spectrograms_150x100px_dataset/test/no_chatter/2p5inchStickout_F_12-Jun-2017_rpm570_doc0p010_window_0003_no_chatter.png,test,0,0.0052045444,0.04281155,0.0061269547,0.0058859237
turning,turning,2p5inchStickout,2p5inchStickout/F_12-Jun-2017_rpm570_doc0p010,570.0,0p010,6,2p5inchStickout_F_12-Jun-2017_rpm570_doc0p010_window_0006,no_chatter,validation,"data/01_windowed_labeled_2,5s/2p5inchStickout/F_12-Jun-2017_rpm570_doc0p010/F_12-Jun-2017_rpm570_doc0p010_window_0006.npz",data/02_spectrograms_150x100px_dataset/test/no_chatter/2p5inchStickout_F_12-Jun-2017_rpm570_doc0p010_window_0006_no_chatter.png,test,0,0.007210995,0.04867266,0.010234029,0.009458127
turning,turning,2p5inchStickout,2p5inchStickout/F_12-Jun-2017_rpm570_doc0p010,570.0,0p010,9,2p5inchStickout_F_12-Jun-2017_rpm570_doc0p010_window_0009,no_chatter,validation,"data/01_windowed_labeled_2,5s/2p5inchStickout/F_12-Jun-2017_rpm570_doc0p010/F_12-Jun-2017_rpm570_doc0p010_window_0009.npz",data/02_spectrograms_150x100px_dataset/test/no_chatter/2p5inchStickout_F_12-Jun-2017_rpm570_doc0p010_window_0009_no_chatter.png,test,0,0.005040755,0.0418326,0.0064708213,0.00574094
turning,turning,2p5inchStickout,2p5inchStickout/F_12-Jun-2017_rpm570_doc0p012,570.0,0p012,2,2p5inchStickout_F_12-Jun-2017_rpm570_doc0p012_window_0002,chatter,validation,"data/01_windowed_labeled_2,5s/2p5inchStickout/F_12-Jun-2017_rpm570_doc0p012/F_12-Jun-2017_rpm570_doc0p012_window_0002.npz",data/02_spectrograms_150x100px_dataset/test/chatter/2p5inchStickout_F_12-Jun-2017_rpm570_doc0p012_window_0002_chatter.png,test,1,0.011184018,0.05784182,0.013902223,0.013069837
turning,turning,2p5inchStickout,2p5inchStickout/F_12-Jun-2017_rpm570_doc0p015_trial2,570.0,0p015,2,2p5inchStickout_F_12-Jun-2017_rpm570_doc0p015_trial2_window_0002,chatter,validation,"data/01_windowed_labeled_2,5s/2p5inchStickout/F_12-Jun-2017_rpm570_doc0p015_trial2/F_12-Jun-2017_rpm570_doc0p015_trial2_window_0002.npz",data/02_spectrograms_150x100px_dataset/test/chatter/2p5inchStickout_F_12-Jun-2017_rpm570_doc0p015_trial2_window_0002_chatter.png,test,1,0.01789958,0.07207372,0.030187368,0.02850418
turning,turning,2p5inchStickout,2p5inchStickout/F_12-Jun-2017_rpm570_doc0p015_trial2,570.0,0p015,3,2p5inchStickout_F_12-Jun-2017_rpm570_doc0p015_trial2_window_0003,chatter,validation,"data/01_windowed_labeled_2,5s/2p5inchStickout/F_12-Jun-2017_rpm570_doc0p015_trial2/F_12-Jun-2017_rpm570_doc0p015_trial2_window_0003.npz",data/02_spectrograms_150x100px_dataset/test/chatter/2p5inchStickout_F_12-Jun-2017_rpm570_doc0p015_trial2_window_0003_chatter.png,test,1,0.03450598,0.114456594,0.036976714,0.036284536
turning,turning,2p5inchStickout,2p5inchStickout/F_12-Jun-2017_rpm570_doc0p015_trial2,570.0,0p015,4,2p5inchStickout_F_12-Jun-2017_rpm570_doc0p015_trial2_window_0004,chatter,validation,"data/01_windowed_labeled_2,5s/2p5inchStickout/F_12-Jun-2017_rpm570_doc0p015_trial2/F_12-Jun-2017_rpm570_doc0p015_trial2_window_0004.npz",data/02_spectrograms_150x100px_dataset/test/chatter/2p5inchStickout_F_12-Jun-2017_rpm570_doc0p015_trial2_window_0004_chatter.png,test,1,0.034188345,0.11644158,0.04095361,0.039185673
turning,turning,2p5inchStickout,2p5inchStickout/F_12-Jun-2017_rpm570_doc0p015_trial2,570.0,0p015,5,2p5inchStickout_F_12-Jun-2017_rpm570_doc0p015_trial2_window_0005,chatter,validation,"data/01_windowed_labeled_2,5s/2p5inchStickout/F_12-Jun-2017_rpm570_doc0p015_trial2/F_12-Jun-2017_rpm570_doc0p015_trial2_window_0005.npz",data/02_spectrograms_150x100px_dataset/test/chatter/2p5inchStickout_F_12-Jun-2017_rpm570_doc0p015_trial2_window_0005_chatter.png,test,1,0.027008757,0.098776855,0.03891565,0.03715208
turning,turning,3inchStickout,3inchStickout/F_12-Jun-2017_rpm570_doc0p015,570.0,0p015,1,3inchStickout_F_12-Jun-2017_rpm570_doc0p015_window_0001,no_chatter,validation,"data/01_windowed_labeled_2,5s/3inchStickout/F_12-Jun-2017_rpm570_doc0p015/F_12-Jun-2017_rpm570_doc0p015_window_0001.npz",data/02_spectrograms_150x100px_dataset/test/no_chatter/3inchStickout_F_12-Jun-2017_rpm570_doc0p015_window_0001_no_chatter.png,test,0,0.0035457665,0.041399825,0.0038336776,0.0037832197
turning,turning,3p5inchStickout,3p5inchStickout/F_12-Jun-2017_rpm570_doc0p030,570.0,0p030,1,3p5inchStickout_F_12-Jun-2017_rpm570_doc0p030_window_0001,no_chatter,validation,"data/01_windowed_labeled_2,5s/3p5inchStickout/F_12-Jun-2017_rpm570_doc0p030/F_12-Jun-2017_rpm570_doc0p030_window_0001.npz",data/02_spectrograms_150x100px_dataset/test/no_chatter/3p5inchStickout_F_12-Jun-2017_rpm570_doc0p030_window_0001_no_chatter.png,test,0,0.003909247,0.042479474,0.0041879523,0.0041406597
turning,turning,3p5inchStickout,3p5inchStickout/F_12-Jun-2017_rpm570_doc0p030,570.0,0p030,9,3p5inchStickout_F_12-Jun-2017_rpm570_doc0p030_window_0009,no_chatter,validation,"data/01_windowed_labeled_2,5s/3p5inchStickout/F_12-Jun-2017_rpm570_doc0p030/F_12-Jun-2017_rpm570_doc0p030_window_0009.npz",data/02_spectrograms_150x100px_dataset/test/no_chatter/3p5inchStickout_F_12-Jun-2017_rpm570_doc0p030_window_0009_no_chatter.png,test,0,0.013707022,0.066678405,0.026694933,0.020578235
turning,turning,3p5inchStickout,3p5inchStickout/F_14-Jun-2017_rpm770_doc0p008,770.0,0p008,3,3p5inchStickout_F_14-Jun-2017_rpm770_doc0p008_window_0003,no_chatter,validation,"data/01_windowed_labeled_2,5s/3p5inchStickout/F_14-Jun-2017_rpm770_doc0p008/F_14-Jun-2017_rpm770_doc0p008_window_0003.npz",data/02_spectrograms_150x100px_dataset/test/no_chatter/3p5inchStickout_F_14-Jun-2017_rpm770_doc0p008_window_0003_no_chatter.png,test,0,0.0075299214,0.050476868,0.008181517,0.008075691
turning,turning,4p5inchStickout,4p5inchStickout/F_12-Jun-2017_rpm570_doc0p010,570.0,0p010,2,4p5inchStickout_F_12-Jun-2017_rpm570_doc0p010_window_0002,no_chatter,validation,"data/01_windowed_labeled_2,5s/4p5inchStickout/F_12-Jun-2017_rpm570_doc0p010/F_12-Jun-2017_rpm570_doc0p010_window_0002.npz",data/02_spectrograms_150x100px_dataset/test/no_chatter/4p5inchStickout_F_12-Jun-2017_rpm570_doc0p010_window_0002_no_chatter.png,test,0,0.004089574,0.04298857,0.004381682,0.004327645
turning,turning,4p5inchStickout,4p5inchStickout/F_12-Jun-2017_rpm570_doc0p025,570.0,0p025,6,4p5inchStickout_F_12-Jun-2017_rpm570_doc0p025_window_0006,no_chatter,validation,"data/01_windowed_labeled_2,5s/4p5inchStickout/F_12-Jun-2017_rpm570_doc0p025/F_12-Jun-2017_rpm570_doc0p025_window_0006.npz",data/02_spectrograms_150x100px_dataset/test/no_chatter/4p5inchStickout_F_12-Jun-2017_rpm570_doc0p025_window_0006_no_chatter.png,test,0,0.004276724,0.039854456,0.0046404004,0.0045221676
turning,turning,4p5inchStickout,4p5inchStickout/F_13-Jun-2017_rpm1030_doc0p005,1030.0,0p005,1,4p5inchStickout_F_13-Jun-2017_rpm1030_doc0p005_window_0001,no_chatter,validation,"data/01_windowed_labeled_2,5s/4p5inchStickout/F_13-Jun-2017_rpm1030_doc0p005/F_13-Jun-2017_rpm1030_doc0p005_window_0001.npz",data/02_spectrograms_150x100px_dataset/test/no_chatter/4p5inchStickout_F_13-Jun-2017_rpm1030_doc0p005_window_0001_no_chatter.png,test,0,0.008038416,0.055885866,0.011057719,0.010344864
turning,turning,4p5inchStickout,4p5inchStickout/F_13-Jun-2017_rpm1030_doc0p005,1030.0,0p005,2,4p5inchStickout_F_13-Jun-2017_rpm1030_doc0p005_window_0002,no_chatter,validation,"data/01_windowed_labeled_2,5s/4p5inchStickout/F_13-Jun-2017_rpm1030_doc0p005/F_13-Jun-2017_rpm1030_doc0p005_window_0002.npz",data/02_spectrograms_150x100px_dataset/test/no_chatter/4p5inchStickout_F_13-Jun-2017_rpm1030_doc0p005_window_0002_no_chatter.png,test,0,0.008909798,0.061079428,0.010046298,0.009536934
turning,turning,4p5inchStickout,4p5inchStickout/F_13-Jun-2017_rpm1030_doc0p010,1030.0,0p010,1,4p5inchStickout_F_13-Jun-2017_rpm1030_doc0p010_window_0001,no_chatter,validation,"data/01_windowed_labeled_2,5s/4p5inchStickout/F_13-Jun-2017_rpm1030_doc0p010/F_13-Jun-2017_rpm1030_doc0p010_window_0001.npz",data/02_spectrograms_150x100px_dataset/test/no_chatter/4p5inchStickout_F_13-Jun-2017_rpm1030_doc0p010_window_0001_no_chatter.png,test,0,0.010804654,0.058797657,0.01892714,0.017575318
turning,turning,4p5inchStickout,4p5inchStickout/F_13-Jun-2017_rpm1030_doc0p012,1030.0,0p012,2,4p5inchStickout_F_13-Jun-2017_rpm1030_doc0p012_window_0002,no_chatter,validation,"data/01_windowed_labeled_2,5s/4p5inchStickout/F_13-Jun-2017_rpm1030_doc0p012/F_13-Jun-2017_rpm1030_doc0p012_window_0002.npz",data/02_spectrograms_150x100px_dataset/test/no_chatter/4p5inchStickout_F_13-Jun-2017_rpm1030_doc0p012_window_0002_no_chatter.png,test,0,0.011373019,0.07010904,0.012650615,0.012494999
turning,turning,4p5inchStickout,4p5inchStickout/F_13-Jun-2017_rpm1030_doc0p013,1030.0,0p013,0,4p5inchStickout_F_13-Jun-2017_rpm1030_doc0p013_window_0000,no_chatter,validation,"data/01_windowed_labeled_2,5s/4p5inchStickout/F_13-Jun-2017_rpm1030_doc0p013/F_13-Jun-2017_rpm1030_doc0p013_window_0000.npz",data/02_spectrograms_150x100px_dataset/test/no_chatter/4p5inchStickout_F_13-Jun-2017_rpm1030_doc0p013_window_0000_no_chatter.png,test,0,0.0041091177,0.043335367,0.0044007627,0.004353228
turning,turning,4p5inchStickout,4p5inchStickout/F_13-Jun-2017_rpm1030_doc0p013,1030.0,0p013,2,4p5inchStickout_F_13-Jun-2017_rpm1030_doc0p013_window_0002,no_chatter,validation,"data/01_windowed_labeled_2,5s/4p5inchStickout/F_13-Jun-2017_rpm1030_doc0p013/F_13-Jun-2017_rpm1030_doc0p013_window_0002.npz",data/02_spectrograms_150x100px_dataset/test/no_chatter/4p5inchStickout_F_13-Jun-2017_rpm1030_doc0p013_window_0002_no_chatter.png,test,0,0.0097752875,0.0653563,0.0131778,0.0124834115
turning,turning,4p5inchStickout,4p5inchStickout/F_13-Jun-2017_rpm1030_doc0p016,1030.0,0p016,0,4p5inchStickout_F_13-Jun-2017_rpm1030_doc0p016_window_0000,no_chatter,validation,"data/01_windowed_labeled_2,5s/4p5inchStickout/F_13-Jun-2017_rpm1030_doc0p016/F_13-Jun-2017_rpm1030_doc0p016_window_0000.npz",data/02_spectrograms_150x100px_dataset/test/no_chatter/4p5inchStickout_F_13-Jun-2017_rpm1030_doc0p016_window_0000_no_chatter.png,test,0,0.004086782,0.043236274,0.0043266574,0.004318296
turning,turning,4p5inchStickout,4p5inchStickout/F_13-Jun-2017_rpm770_doc0p010,770.0,0p010,3,4p5inchStickout_F_13-Jun-2017_rpm770_doc0p010_window_0003,no_chatter,validation,"data/01_windowed_labeled_2,5s/4p5inchStickout/F_13-Jun-2017_rpm770_doc0p010/F_13-Jun-2017_rpm770_doc0p010_window_0003.npz",data/02_spectrograms_150x100px_dataset/test/no_chatter/4p5inchStickout_F_13-Jun-2017_rpm770_doc0p010_window_0003_no_chatter.png,test,0,0.006811097,0.05324453,0.009174952,0.008180874
turning,turning,4p5inchStickout,4p5inchStickout/F_13-Jun-2017_rpm770_doc0p020,770.0,0p020,2,4p5inchStickout_F_13-Jun-2017_rpm770_doc0p020_window_0002,no_chatter,validation,"data/01_windowed_labeled_2,5s/4p5inchStickout/F_13-Jun-2017_rpm770_doc0p020/F_13-Jun-2017_rpm770_doc0p020_window_0002.npz",data/02_spectrograms_150x100px_dataset/test/no_chatter/4p5inchStickout_F_13-Jun-2017_rpm770_doc0p020_window_0002_no_chatter.png,test,0,0.004861711,0.04278088,0.0052518696,0.005198409
